motif_id,ru_hits,en_hits
a1,саванна,
a12,пустыня,
a13a,тундре | тундру | тундры,
a13a1,тундре | тундру | тундры,
a16,мангрового,
a21,пустынным | тундре | тундру | тундры,
a23,прерии | саванна,
a23a,степи | степь,
a24,степной,
a24a,степной,
a27,саванна,
a29,тайги,
a29a,тайги,
a2a,пустыню | степи | тайгу,
a2b,тайгу,
a2b1,степи,
a2c,пустыню,
a3,пустыню | степные | степь | тундре | тундровые,
a32b,прерии,
a32d,тайге | тундре | яранги,
a32f,тайге,
a37,степи | тайгу,
a37a,степи,
a37b,степи,
a38,степные,
a38b,степные,
a4,мерзлоты | пустыни | степью | тайги | тундровые,
a44,тайге | тайгу,
a47,саванна,
a5,саванны,
a8a,степи,
b101,степные,
b108,,snow
b109,тайге,
b110,пустынным | степи | степь,
b110a,,snow
b113,ледник,
b114,саванне,
b116,степи,
b116a,степи,
b116b,степи,
b13a,саванну,
b15,мерзлота,
b16c,степные,
b18,саванне,
b26,тундру,
b28,прерии | саванна | саванне,
b28d,прерии,
b28d1,прерии,
b28e,прерии,
b2a,ледников | пустыни | саваннах | степные | степь | тундре | тундровые,
b2d,ледников | степь,
b2e,пустыни,
b3,,swamp
b32,саванну,
b33,пустыне | степи,
b33e,,freeze
b33f,степи,
b36,саванн,
b36a,тундровые,
b36b,саванн,
b36c,степные,
b37,степные,
b38c,тундровые,
b3a,пустынная | пустыня | степные | тундровый | тундры,
b3b,саваннах | саванны | степные,
b3e,пустыни | саваннах | степные,
b42,пустыни | тайги | тундре,
b42b,тайги | тундре | тундровые,
b42f,тундра | тундре,
b42h,пустыни,
b42h1,пустыни,
b42k,тундровые,
b42l,тундре,
b42m1,тундре,
b42mn,тайги,
b42n,оазис | саванны,
b42p,арктический,
b45,ледник | тундра | тундре | тундру | тундры,
b48,степь,
b48a,тайге | тундру,
b50,степи | степь | тундровых,
b55,саванну,
b57,степные,
b57a,степные,
b58,саванну,
b5a,тундровый,
b5b,саванна,
b60,тайгу,
b64,тайге,
b64a,тайге,
b64d,тайге | тундровые,
b68,тайге,
b70,тайге | тундровые,
b71,арктика | степные,
b72,тундре | тундровые,
b72a,тайгу,
b72b,тайгу,
b74,тайге,
b74a,ярангу,
b75a,прерии | тайге,
b77,ледников | пустынь | саваннах,
b77a,саваннах,
b78,,snow
b79,ледники,
b7b,пустыня,
b82,оазис | пустыне | пустыня | степные | степь | тундровые,
b83,степь,
b87,тундра | тундре,
b87a,тундре,
b9,саванна,
b97,степные,
b99,саванне,
c1,саванны,
c12b,пустыне | тайги,
c14,ледников,
c16,степь | тайги | тайгу,
c18,пустыню | тундре | тундру | тундры,
c19,мерзлоты | пустыню | саванне | степи | степные | тундре | тундру | тундры,
c2,саванна,
c23,пустынный,
c27,тундре,frozen | ice
c2a,саванна | саванну,
c2b,саванну,
c30a,пустыне,
c31,степи,
c31a,степи,
c34a,,marsh | sand
c35,пустыню,
c35a,степи,
c38,тундру,
c39,степи,ice
c39a,,ice
c5a,оазис | пустыне | пустыня | степные,
c5b,степные,
c6,степные | тундровые | тундровый | тундры,
c6b,степные,
c6c,тундровые | тундровый | тундры,
c6c1,тундровый | тундры,
c6d,степные | тундровые | тундровый | тундры,
c6i,тундровый,
c8,ледников | оазис | саваннах | тайге,
c8a,ледников,bamboo
c8c,оазис,
d1,тундровые,
d10,саванна,
d12,саванну,
d13d,тайге,
d13f,саванна | саванну,
d13g,тундровые,
d13h,арктика,
d13i,тайгу | тундровые,
d13i1,тундровые,
d1b,тундровые | тундру,
d4a,пустыню | саванна | саванну,
d4f,саванну,
d4o,пустыню | саванна,
d4p,,tropical
d5,саванна,
d5a,саванна,
d7,саванну,
e11,пустыни | степи | тундровые | яранге | яранги | ярангу,
e15,,canoe
e15a,,canoe
e15b,,canoe
e16,,canoe
e1b,арктика | тундре,
e1c,тундре,
e2,пустыни | саванне,
e30,ярангу,
e30a,ярангу,
e31a,пустыне | пустыни | степи,
e31a1,пустыне | пустыни | степи,
e31c,пустыне | пустыня,
e32,степь,
e35,саванна,
e36,тундровый,
e39,тайге,
e5a,джунглях | пустыню | саванна | степь,
e6,саванна,
e6a,,frozen
e8a,,palm
e9,пустыне | пустыню | степи | степной | степные | степь | тайге | тайги | тундровые | яранге | яранги | ярангу,
e9a,тайгу,
e9c,тундре,
e9d,тайги | яранге | яранги | ярангу,
e9e,степи | тайги | яранги | ярангу,
e9h,пустыни | пустыню | степной,
e9i,пустыне | степи,
e9j,степь,
e9k,саванна,
f12,саванну,
f13,саванны,
f17,саванна | тундровый,
f18a,степные,
f2,ледника | пустыне | пустыню,
f20,саванна | саваннах,
f28a1,мангры | саванну,
f3,пустыне | пустыню,
f30,вельде | тропические,
f30a,тундре | яранге | ярангу,
f33,саванне,
f34,саванну | степные,
f35,саванну | степные,
f38,пустыни | пустыня,
f39,пустыня,
f40a,саванну,
f40b,степи,
f43,пустыне,
f45,оазисе | пустыне | пустынь,
f45a,пустыне | пустынь,
f5,степи,
f53,айсбергом | арктике,
f58,степи | степные | тундру,
f5b,степь,snow
f6,джунглях,
f62,пустыню | степи,
f63,степь,
f64,степные,
f64b,тайге | тундре | ярангу,
f65,айсберга | тундровые,
f65a,айсберга | степные | тундре,
f65b,тундровые,
f65c,степные | тундровые,
f66,тайге | тундре | ярангу,
f68,степные,
f70,пустыне | пустыни | степной,
f70a,пустыне | степной,
f70b,пустыне | пустыни | степной | степные,
f70c,оазис | пустыне,
f70d,пустыню,
f70e,степи,
f70e1,пустыне | степи,
f70e2,степи,
f71,пустыне | пустынное | степи | степь,
f74,степи | степные,
f79,саванна,
f81,тундровые,
f83,степные,
f86,саванне | степь | яранге,
f88,джунглях,
f90,тайге | тайги | тайгу | тундре | тундру | ярангу,
f91,айсбергу | яранге | ярангу,
f97,тундровый,
f98,степи,
f9a,тундровые,
f9b,саванна,
f9c,степные,
f9d,арктика,
f9f,пустыне | пустыни | пустыню,
f9f1,пустыне | пустыни | пустыню,
f9g,пустыне,
g1,пампас,
g15,саванна,
g21,,coconut | palm
g23,пустыни | пустынным | тайге | тайгой | тундру,
g23a,пампас,
g28,саванну,
g29,тайге | тундру,
g5,саванны | степную,
g6,вельде | пустыни | пустынный,
g7,саванны | степную,
g8a,,canoe
g8b,вельде | степи,
h12,мангры | прерии | прерию | пустыне | пустыню,
h15,прерию,
h16,тундрам,
h18,степи | степь | тайге | тайгу | тундру,
h18b,саванну,
h19,степь,
h1a,прерия,
h20,саванну | тундру,
h21a,саванну,
h22a,тайгу,
h24,прерию | пустыне,
h24b,саванна,
h24c,саванны,
h24e,пустыне,
h27,степь,
h27a,степь,
h28,степи | степь | тайгу,
h31,саванне,
h34a,прерия,
h34b,прерия,
h34e,,snow
h34f,тропическая,
h36,саванне,
h36a,саванне,
h36c,саванне,
h37,степные,
h37a,степные,
h4,саваннах,
h40,степь,
h41,степь | тайге,
h42,степь,
h43a,пустыни,
h43aa,степь,
h45,степь,
h46,степь,
h46a,степь,
h48,саванну | степь,
h49,пустыни | степи,
h49c,пустыне | пустыни | степи,
h49d,пустыне,
h5,саваннах,
h52,степь,
h54,айсбергом | леднике | пустыню | степи | тайги | тайгу,
h55,пустынной | степь,
h6a,степного,
h6b,степи,
h6c,степи | степь,
h7,саваннах | степи | степь | тундре,
h7e,степь,
h9,степного,
i1,ледника | степные | тундровых | тундрой,
i103,оазис,
i11,ледники,
i114,степной,
i115a,пустыня,
i117,саванне,
i12,пустыни | тайги,
i121,арктический,
i134,средиземноморье,
i13a,пустыни | степные,
i13d,пустыне,
i14,пустынь,
i15,степь,
i2,степные,
i22,айсберга | прерии | пустыне | пустынь,
i22b,степь,
i25,пустыне | пустыню | степь | яранге | яранги,
i25a,пустыне | степь,
i27,степях,
i27c,тайге,
i28,вельде | степь | тайги,
i3,саванну | степи,
i34,саванна,
i35a1,пустыня,
i35b,мерзлоты,
i38,пустыне | тайге,
i38a,пустыне,
i39,степи,
i4,пустыни | тундровые,
i41,степной,
i43a,саванны,
i43b,саванны,
i46,степные,
i47a,средиземноморский,
i4a,степи,
i5,степи,
i50,ледника | степи,
i50a,степи,
i50b,ледника,
i51a,пустыне,
i51b,пустыню,
i52,ледников,
i55,тундровые,
i55b,тайги,
i59b4,,snow
i6,пустыни | степь,
i62,оазис,
i7,пустынь,
i72,степные,
i76a,степи,
i81,пустынь,
i82a,саванна | тундровые,
i82b,оазис | тундровые,
i82d,тундровые,
i83,саванна,
i84,тайге,snow
i84a,,frozen | snow
i85b,пустыни,
i86a,,snow
i87,степь | степью,
i87a,степи | тайга,
i87a2,степи,
i87aa,степи | тайга,
i87ac,тайга,
i87b,степью,
i88,пустынь | саванне,
i89,пустыне,
i8g,джунглях | тундровые,
i8i,ледник | ледником | пустыня | саваннах,
i9,степные,
j12,степной | степные,
j15,саванну | саванны,
j17,яранги | ярангу,
j20,степные,
j22e,степь,
j23,саванну,
j25,степь,
j25a,пустыне | пустыню,
j26,пустыне | пустыни | пустыню | степи | степная,
j27,степи | степь | тайга,
j27b,степь,
j28b,степь | тайги,
j30,тундра,
j31,степь,
j32,леднике,
j32b,степи,
j37,саванны | яранге | ярангу,
j4,прерии | пустыни | саванна | саванне | степь | тайги,
j40,прерии | степь,
j41,степные,
j42,пустыню | степь | тайгу | тундру,
j45,степные,
j46,пустыни | пустыня | степные,
j47,пустыне,
j50b,степь,
j52b,степь | тайгу,
j54,тундровые,
j54b,степь,
j55,саванна,
j58,саванне | тайгу,
j59,степи | степь | тайгу,
j59a,степные | тайги,
j62,пустыне | пустыни | пустыню | пустыня | степи | степь,
j66,пустыне | пустыни | тундровые | тундру,
k100,пустыню,
k100a,пустыне | пустыню | степь,
k100b,пустыне | пустыни | пустыню,
k100c,пустыне | пустыни | пустыню,
k100f,ледника | пустыню,
k100f1,леднике,
k100g,степи,
k101b,леднике,
k102,пустыне | пустыню | степь | тайге | тайгу,
k102a,пустыне | пустыню,
k102a1,пустыне | пустыню,
k102a2,пустыне | степные | степь | тайге,
k103,степь,
k103a,пустыню | степи | степь,
k106,степи | степь,
k107,пустыне | пустыню,
k107a,пустыне | степи,
k107b,пустыню,
k107c,пустыне,
k108,оазисы | пустыни | пустынь,
k10a,саванне,
k10g,степи,
k110,пустыне,
k113,степи | степь,
k113a,пустыня | степь,
k114,пустыне | степь,
k115,степного,
k116,пустыню,
k116a,степи | тайга,
k116b,степи | тайга,
k117a,пустыне | пустыни | степи,
k118,пустыне | пустыню | степи | степь,
k119,пустыне | степь | тайгу,
k119a,пустыне,
k11a,саванне,
k11b,,bamboo
k12,ледником | пустыне | пустыню | саванна | степи | степь | тайга | тайги | ярангу,
k120,пустыню | степи,
k120a,пустыне | степи | степь,
k120a2,степи,
k120a4,тайгу,
k121,пустыня | степи | степь,
k122,степи,
k123,леднике | пустыне | степи | степь,
k123a,пустыне | степи | степь,
k125,тайге | тайгу,
k129,пустыню | степи | степь,
k129a,пустыню,
k12a,степь,
k130,пустыню,
k130a,пустыню | степи | степь,
k131,пустыне | пустыню | саванну | степи | степь,
k132,степи,
k134,пустыне | пустынный | пустыню,
k135,пустыне | степи,
k136a,пустыне,
k136b,пустыне | пустыню,
k136c,пустыне | пустыню,
k137,степь,
k139,пустыню | степи,
k13a,саванны,
k14,пустыне | степь,
k144,пустыне | пустыни | средиземноморье,
k146,пустыне | пустыню | степь,
k148,степи,
k14a,пустыне,
k14c,пустыне,
k150,пустыню,
k152,степи,
k154,пустыне | степи,
k154a,пустыне | степи,
k155,пустыне,
k156,пустыне,
k157,пустыне | пустыни | степи | степь,
k157a,пустыне | пустыню,
k158,пустыни,
k159,пустыню | степь,
k15b,степной | степь,
k15c,,ice
k161,степь,
k163,пустыню,
k165,леднике,
k17,пустыне,
k18,пустынный | степи | степные,
k18d,степи,
k19b,прерии,
k1c,яранге,canoe
k1e,яранге,
k1f,пустыня | степные | степь,
k2,пустыню,
k21,прерии | яранге | ярангу,
k23,степи | ярангу,
k24,джунгли | пустыне | пустыни | пустыню | степи | тундровые,
k24a,ярангу,
k24b,пустыне,
k25,айсбергом | джунгли | пустыне | пустыню | саванна | саванне | степи | степные | степь | тайге | тайги | тайгу | тундре | тундровые | яранге | яранги | ярангу,
k25a1,джунгли | степи | тайге | тундровые,
k25d,прерии,
k26,прерии | тундре | тундру | яранге | ярангу,
k27a,леднике,frosty | ice | snow
k27c,саванне,
k27d,саванне,
k27e,саванне | степь,
k27f,пустыне | пустыню | саванну | степи,
k27f1,пустыне | степь,
k27g,саванну | степи,
k27hh,джунгли | степи | степь,
k27l1,,frozen | ice
k27ll,,ice
k27n,джунгли | мерзлоты | степи | степные | тундровые,
k27n1,джунгли | мерзлоты | пустыню | степи | яранги | ярангу,
k27n3b,тундровые,
k27nn,джунгли | леднике | пустыню | степи,
k27p,степные,
k27p1,степи,
k27q,пустыни | пустыню | степи | степь | тайге,
k27q1,пустыню,
k27s,пустыне | степи | степь | тундровые | ярангу,
k27ss,степь,
k27u,ледника | пустыню | степи,
k27u2,степи,
k27v1,тайги,
k27v3,степь,
k27x3,джунгли | степи | яранги | ярангу,
k27x4,леднике | степь,
k27z,степи,
k27z1,пустыню | степной,
k27z3,степи,
k27z4,степи,
k27z7,пустыне | пустыню | степь,
k27z9,пустыне,
k27zz,пустыня,
k27zz1,пустыня,
k27zz2,пустыня,
k27zz3,степи,
k28,оазис | пустыне | пустынным | пустыню | саванну | степи | степь | тундре | яранге | ярангу,
k29a,джунглях | пустыне | пустыню | степи | тундровые,
k29d,степи,
k2a,степной | степь,
k30,тундровые | ярангу,
k30a,саванна,
k32,айсбергом | вельде | пустыне | пустыню | саванну | степи | степь | тайге | тайгой | тундре | тундровые | яранга | ярангу,
k32a,пустыне | степи | степь | тундре | тундровые | ярангу,
k32b,пустыне | пустыню,
k32b1,ярангу,
k32d,степи | степь,
k32e,степь,
k32g,пустыне | пустыню | степи | степь | тайгу | тундре | тундру,
k32g1,пустыне | степи | степная | степь | тайгу,
k32j,пустыню,
k33,пустыне | степи | степь,
k33a,пустыне | степи | степь,
k33a1,степи | степь,
k33b,вельд | степь,
k33c,пустыне | степи | степь,
k33d,пустыне | пустыню | степи,
k33d1,пустыне | пустыню,
k33f,пустыне | пустыни | пустыню | степь,
k33g,пустыне | пустыню | степи | степь,
k33h,пустыне | степи | степь,
k34,саванна | степь,
k35,леднике | степной | степные,
k35a,пустыне | пустыню | пустыня | степи | степь,
k35a1,пустыню | степи,
k35a3,леднике,
k35b,пустыню,
k35c,пустыне | пустыню | степь,
k35c1,пустыне | пустыню | степь,
k36,пустыне | пустыню | степь,
k37,джунгли | пустыне | пустыню | саванну | степи | степные | степь | тайгу,
k37a,степь,
k38,пустыне | пустыни | пустыня | степи | степная | степной | степь | тайге | тайгой,
k38b,пустыне | пустыни | пустыня | степи | степная | степь,
k38b3,пустыню,
k38c,пустыне | пустыню | степи | степная | степь,
k38d,ледника | пустыне | степи,
k38e,мерзлоты | пустыню | степи,
k38f,пустыне | пустыня | степи,
k39,пустыня | степь | тундру,
k40,пустыне,
k41,степные,
k44,тундре | тундру | ярангу,
k44b,степь,
k47a,ледник | степь,
k47b,степь | тайге,
k47c,саваннах,
k48,пустыне | пустынной | пустыню,
k49,степь,
k50,прерии,
k51,тундре,
k52,ледником,
k52c,тундру | яранге | яранги,
k54,тундра | тундре,
k56,пустыню | саванне | саванну | тундру,
k56a,тундра | тундре | тундру | тундры | яранги,
k56a3,тундра,
k56a5b,,frost
k56a7,,snow
k56a8,тундру,
k56a8a,тундру | яранга,
k56a9,пустыне | степи,
k56aa,яранги,
k56b,пустыне | саванну | тайге | тундра | тундре | тундру | яранге | ярангу,
k57,пустыню | степи,
k58,степь,
k59,ярангу,canoe
k60a,пустыне | степь | тайге,
k60b,пустыне | пустыня,
k60c,пустыне | пустыню,
k62a,тайга | тайгу | тундровая | тундровые,
k65,тундру,
k66,леднике | пустыню | пустыня | степи | степь | тундру,frost
k66a,пустыне,
k66b,леднике | пустыне,
k67,степи | степные,
k67a,степи,
k67c,степи,
k70,тайге | тайгу,
k71,степной,
k72,пустыне | пустыню | степи | степная | степь | тайгу,
k73,пустыне | пустыни | пустыню | степи | степная | степь | тайгу,
k73a,пустыни | пустыню | степи,
k73b,степь,
k73c,пустыню | степи,
k74,пустыне | степи | степной | тайге | тундру,
k74a,степи | тундра | тундру | яранги | ярангу,
k75,пустыне | пустыни | пустыню | пустыня | степи | степные | степь,
k75a,пустыне | пустынный | пустыню | пустыня | степи | степь,
k76,пустыне | пустыни,
k76b,пустыне,
k77b,степь,
k77b1,степь,
k78,саванну | степи,
k79,степи | степь,
k80,пустыне | пустыню | степи | степь | тайге | тайгой,
k80a,пустыне | пустыню | степи | степь,
k80a1,пустыне | степь,
k80a2,пустыню | степи | степь,
k80c,пустынной | степи,
k80c2,оазисе,
k80d,пустыне | пустыни | пустыню,
k81,пустыню,
k82,пустыне | пустыню | степи | степь,
k82a,пустыне | пустыню,
k83,пустыне | пустыня | степи,
k84,пустыне | тундру,
k88,пустыне | степи,
k88a,пустыне | пустынным | пустыню,
k88b,пустыне | пустынным | пустыню | степи,
k89,тайгу,
k89b,тайгу,
k89d,тайгу,
k8a,пустыне | пустыня | степей | степи | степные | степь | тайге | тайги | тайгой,
k8aa,пустыню,
k8c,степи,
k8c1,степи,
k8d,ледник | степи | степные,
k8e,степные,
k90,степи,
k92,пустыне | пустыню,
k92a,пустыне | пустыню | степь,
k92b,пустыне,
k93b2,пустыне | пустыню | степь,
k93b3,пустыне,
k93b4,степь,
k94,пустыне | пустыню | степи | степь,
k95,пустыне | пустыню | степь,
k96,леднике | пустыне | саванну | степи,
k98,пустыни | пустыню,
k99a,джунгли,
k99b,степь,
l100,пустыни | степи | тайгу,
l100a,степь,
l100d,степи,
l101,яранге | яранги,
l103,саванне | саванны,
l104,пустыне | степь,
l106a,пустыню,
l107,тайги,
l108,вельде | саванне | саванну | саванны | тайге,
l108b,вельде | саванне | саванну | саванны,
l108c,тайге,
l10a,степи | степной,
l110,пустыни | саванне | саванну | степи | степь,
l113,яранги,
l114,вельд | саванне | саванну | саванны,
l114a,пустыне | саванну | саванны,
l114c,саванне | саванну,
l116,вельде,
l116a,пустыне | степь,
l120,пустыне | пустыню | степи,
l120a,пустыне | пустыню | степи,
l121,вельд | саванну,
l121a,саванну,
l122a,ледника | степи,
l125,пустыне | степи | степь,
l127,саванну,
l128,степь,
l14,тундре,
l15a,пустыне,
l15b,степные,
l15c,степях,
l15d,прерии | пустыне | пустыню | пустыня | степи | степь | тайги | тайгу,
l15e,пустыне,
l15f,пустыню,
l15h,пустыне | пустыню | пустыня | степи,
l15i,пустыне,
l17,тундровые,
l17a,ледника,
l18,тундровые,
l19b,пустыне | пустынь | пустыню | степная | тайге,
l1e,саванны,
l23,степи | степь,
l23a,степь,
l25,прерии | пустыне,
l27,тайге,
l32,саванне,
l33a,степные,
l34,тундре,
l37a,мерзлоты | пустыня,
l37b,пустыне | пустыню | степи,
l38,тундра | тундре | тундровые | тундру,
l38a,тундра | тундре | тундру,
l39,пустыню | степи,
l4,пустыню,
l40,пустыне | пустыня | степи | степь | яранге,
l40b,пустыню | степи,
l41,тундре,
l42,тундре | тундру,
l42b,пустыню | тайгу,
l42d,,frozen | ice
l42g,пустыне,
l42g1,пустыне | пустыни,
l42g2,пустыне,
l42j,тундру | яранга | яранге | яранги,
l44a,тундра | тундре | тундру | яранги | ярангу,
l52,вельде | тайги,
l53,вельде,
l55,тундре | тундры,
l57,ледник | леднике,
l57a,пустыне | пустыню | пустыня,
l5c,степные,
l5e,степные,
l5f,тайге | тундру,
l6,саванна | саванну | степные,
l61,саванну,
l65,вельде | тайги | тайгу,
l65a,пустыне | пустынной | степи | тайги,
l65b,вельд | пустынной | саванне | степи | тайгу | яранге | яранги,
l65c,тундровые | тундру | яранги,
l65d,яранги,
l72,вельд | пустыне | пустыня | саванну | степи | степные | тундровые | тундру,
l72a,пустыне | степи | тундровые | тундру,
l72b,степи,
l72c,пустыне,ice
l72g,пустыня,
l73,пустыне | тундре | тундровые | тундру,
l81,пустыне | степи | степная,
l81a,степная,
l81a2,степи,
l81b,степи,
l85,пустыню | таежный | тайге | тайги | тундре | тундровый | тундровых | яранге | ярангу,
l85a,пустыню,
l86,степные | тундре,
l90,пустыне | пустыню | степей,
l92,степная,
l93a,пустыню | тундру | яранга | яранге | яранги,
l93b,пустыня | степь,
l94,пустыне | пустыню | пустыня | степь | тайга | тайгу,
l94a,степь | тайгу,
l96,пустыне | степь,
l96a,пустыне | степь,
l96b,пустыня | степь,
l98,степь,
l99,степные,
l9d,степи,
l9e,пустынной | степи | степь,
m10,саванна,
m101,тундра | тундровые,
m104,саванну,
m106,степи,
m106b,степи,
m108,тундре | тундровые | тундру,
m108a,степная | степной,
m109,пустыню,ice
m109a,,frozen | ice
m111,,banana
m112,пустыня | степь,
m113,пустыня,
m114,пустыню | степи | степь,sand
m114a,степи,
m114b,степи | степь,
m114b1,степь,
m114c,степи,
m114e,степной,
m114g,пустыню,
m114i,степной | степь,
m116,пустыне | пустыню | тайга,
m116a,пустыне | пустыню,
m118,пустыню,
m118a,пустыню,
m118b,пустыню,
m123,арктика,
m123b,,canoe
m123c,арктика,
m13,степные,
m134,степь,
m135,степной,
m135a,степи | степной,
m136,степи,
m13a,степные,
m140,пустыню | тайгу,
m147a,степи,
m148,пустыню,
m152,пустыне | пустыню,
m152a,пустыне,
m153,степи | степной | тайга,
m153b,степи | степь,
m156,саванны | степи | степного | степь,
m157,пустыни | степи | степь,
m157a1,степи | степь,
m157a2,степь,
m157a3,степи | степь,
m157a4,степь,
m157b,степь,
m160,саванну,
m161,степи | тайга,
m162,пустыню,
m167,степь,
m171b,тундре | тундру,
m174,пустыню,
m178,пустыню,
m179,,ice
m179a,пустыню | степного,
m181a,пустыне,
m19,прерия,
m192,пустыню,
m195,степи,
m195a,степи,
m197,леднике,
m198,степи | степной | тайга,
m198a,степи | тайга,
m198a1,пустыне | степи | степной,
m199,пустыню,
m199a,пустыню,
m199c1,пустыню,
m199i,степь | тайге,
m21,пустыня | саванну | саванны | тундру,
m22,степные,
m23,степные,
m24,степные,
m29a,тундровые,
m29b,степи | тундровые,
m29b2,тундровые,
m29c,степные,
m29g,тундровые,
m29j,степные,
m29k,степные,
m30,степи | степные,
m30c,степи,
m30d,степи,
m31,тундру | яранга | яранге,
m32a,степные,
m36,,ice
m38,саванну | тундре | тундру,
m38a,саванну,
m38b2,степи,
m39a,степь | тайгу | тундровые,
m39a4a,пустыню | степь,
m39a4b,пустыню,
m39a5a,пустыню,
m39a6,пустыню,
m39a6a,степи | степь,
m39a6d,пустыня | степи | степь,
m39a6f,степи,
m39a6h,степи,
m39b,тундровые,canoe
m39b1,,canoe
m39i,пустыне,
m4,степные,
m40,степи,
m42,саванну | степные | яранга | яранге,
m42a,яранга | яранге,
m43,степи,
m45a,тайге | тундровые,
m46a,тундровые,
m49,ледник | леднике | прерии | пустыне | пустыню | степи | степные | тайге | тундра | тундре | тундру | яранги | ярангу,
m49a,ледник | леднике | степные | тундра | тундру | яранги | ярангу,
m5,саванну,
m53,степные,
m53b,степные,
m53c,степные,
m54,степь,
m57a,пустыне | пустыни | пустыню | степи | степные | степь | тундре,
m57c,пустыню | средиземноморье,
m57d,пустыню,
m57d4,,frost
m5a,,canoe
m60,тундра | тундре | тундру | яранги | ярангу,
m60a,степные,
m60a1,пустыню,
m60a2,пустыню | степи,
m60b,тундра | тундровые | яранга | яранге,
m62b,степная | степной,
m62d,степь,
m65,степные,
m65a,степные,
m65b,степные,
m66,степной | степные,
m68,степные,
m69,степные,
m74a,тайгу | тундровые,
m74aa,степь,
m74ab,тайгу | тундровые,
m75a,степные,
m75b,пустыне | степи,
m75b1,пустыне,
m75b1a,тайге,
m75b2,степным,
m75c,пустыне,
m77,пустыне | пустыню | степи,
m78,пустыни | степи,
m78a,пустыни,
m79,степной | степные,
m7a,тундру | яранга | яранге,
m7b,яранга | яранге,
m80,степные,
m81,саванна | саванну,
m82,ледник | ледника | степные,
m84a,тайге | тайгу,
m84c,тайгу,desert
m85,степь | тайги | тундровая,
m86,степные,
m8a,саванна,
m90,пустыни,
m90a,пустыни | пустыню,
m90a1,пустыни,
m91,степи | степь | тундра | тундровые,
m91a,пустыню | тайгу | тундра | тундровые,
m91b,пустыню | степь,
m91b1,пустыне,
m91c1,пустыне | пустыню | тундра,
m91c2,пустыне | пустыню | саванны | степь | тундра | тундровые,
m91d,тундра | тундровые,
m93,степные | яранга | яранге,
m93a,степные,
m94,тундра | тундру,
m94a,тундра,
m97,степные,
m98,оазисы | пустыни | пустынь,
n1,пустынной | степи | таежные | тайга | тайги,
n10,степи | тундровые | тундры | ярангу,
n10b,степи,
n10c,тундры | ярангу,
n11,степи,snow
n13,степь,
n14,степной,
n16,,ice
n2,степного,
n20,пустыне | степь,
n24,степь | тайгу,
n26,степи | степного,ice
n29,тундровые,
n30,пустыне,
n4,степи,
n5,степи | степь | тайги | тайгу | тундра,
n8,степь,
n9,степь,snow
