word,hypernym
action,act
adam,Adam
adult,animal
advice,proposal
advices,proposal
african,person
age,property
alligator,crocodilian reptile
american,inhabitant
amount,assets
amulets,charm
ancestor,relative
antagonists,person
anteater,placental
ants,hymenopterous insect
anus,orifice
apple,apple tree
approaching,movement
aquatic,plant
argument,evidence
armadillo,edentate
armpits,cavity
arrows,mark
artifacts,whole
ashes,tree
aside,actor's line
attire,clothing
aurora,atmospheric phenomenon
axes,stalk
bad,quality
bag,container
bait,temptation
balance,equilibrium
barrel,tube
base,military installation
basin,natural depression
basket,container
baskets,container
bastard,unpleasant person
bath,vessel
beads,string
beaks,mouth
beard,facial hair
bears,carnivore
beasts,organism
beats,nonconformist
beauty,woman
beaver,American
bed,natural depression
bee,hymenopterous insect
bees,hymenopterous insect
beggar,pauper
begins,Begin
behavior,activity
bell,acoustic device
belt,loop
bench,tableland
berries,edible fruit
bitch,canine
bite,wound
blade,leaf
blames,accusation
blanket,covering
blow,wind
blows,wind
blue,chromatic color
bluff,bank
boil,staphylococcal infection
bone,connective tissue
bonfire,fire
border,boundary
bowels,center
boyfriend,man
brains,intellectual
breast,external body part
bride,newlywed
bridge,structure
broom,shrub
brushwood,wood
buffalo,bison
burial,funeral
burn,pain
burning,change of integrity
butt,victim
buys,purchase
cage,enclosure
caiman,crocodilian reptile
cain,Cain
call,telephone
calls,telephone
canoe,small boat
canoes,small boat
cardinal,finch
carrion,body
cases,person
cat,feline
cataclysm,geological phenomenon
catches,adult
cause,origin
cave,geological formation
cereals,grass
chamber,enclosure
chameleon,lizard
charge,electrical phenomenon
chase,motion
chicken,domestic fowl
chickens,domestic fowl
chimney,flue
chipmunk,squirrel
chips,potato
clay,body
clear,innocence
climbing,rise
cloak,covering
close,end
closing,motion
clot,ball
coal,fossil fuel
coals,fossil fuel
cock,chicken
coffin,box
collapses,illness
colts,foal
coming,motion
community,gathering
competition,contestant
condition,state
conflagration,fire
confrontation,challenge
consequence,phenomenon
contact,representative
container,instrumentality
context,discourse
copper,lycaenid
copulation,sexual activity
cornel,angiospermous tree
count,Lord
covering,natural object
coyote,wolf
cradle,baby bed
crashes,noise
crawls,motion
crest,line
cripple,person
crocodile,crocodilian reptile
crossroad,junction
crow,corvine bird
crying,bodily process
cuckoo,cuculiform bird
cup,plant organ
cycle,time interval
dam,female
dancing,diversion
dare,challenge
dark,illumination
darkness,illumination
data,collection
days,life
deceit,dishonesty
deed,legal document
defect,imperfection
deity,spiritual being
deluge,rain
den,habitation
desires,feeling
details,information
devils,troublemaker
dimensions,magnitude
disc,sound recording
disguise,semblance
distance,spacing
diving,match
doe,placental
dolls,girl
domestic,servant
donkey,ass
door,movable barrier
dough,concoction
dove,pigeon
drags,resistance
draws,gully
dream,imagination
dresses,woman's clothing
drink,body of water
drives,propulsion
drum,sciaenid fish
drunk,drinker
duck,anseriform bird
ducks,anseriform bird
dummy,mute
dung,fecal matter
dwarfs,small person
dwelling,housing
eager,tidal flow
earthquakes,geological phenomenon
eater,consumer
echo,reflection
eclipse,interruption
eclipses,interruption
eel,soft-finned fish
elder,shrub
elephant,pachyderm
elk,deer
embodiments,personification
embryos,animal
entrails,internal organ
equal,person
eve,Eve
evidence,information
exposes,exposure
extra,actor
extract,solution
failure,unfortunate
fake,deceiver
fat,lipid
feces,body waste
feline,carnivore
ferries,boat
ferry,boat
ferryman,boatman
field,physical phenomenon
fights,military action
figure,body
fingers,digit
fireplace,recess
fisher,marten
five,digit
fleas,ectoparasite
flint,silica
flood,geological phenomenon
flows,change of location
flute,woodwind
folktale,narrative
foot,vertebrate foot
footwear,clothing
form,body
formula,mathematical statement
forty,large integer
fowl,gallinaceous bird
foxes,canine
friendly,military personnel
frogs,amphibian
front,deceiver
fugitive,person
full,phase of the moon
funerals,ceremony
garden,plot
gathering,social group
geese,anseriform bird
given,assumption
goose,anseriform bird
gourd,vine
grandson,grandchild
grants,aid
grass,gramineous plant
grasshopper,orthopterous insect
graze,abrasion
great,achiever
grouse,game bird
guise,semblance
half,common fraction
hammock,hill
handle,appendage
hands,laborer
harpoon,spear
harvest,output
hay,fodder
hearth,recess
heat,energy
heaven,region
hedgehog,rodent
height,dimension
hen,chicken
heron,wading bird
hits,feat
holding,possession
holes,natural depression
hollow,valley
hoof,animal foot
hook,catch
hopes,person
horizon,line
horsemen,rider
horses,equine
hunters,skilled worker
hurry,urgency
hyena,canine
ice,crystal
idea,content
image,person
immortal,celebrity
information,message
inheritance,acquisition
initial,letter
initiative,drive
innocent,person
instrument,assistant
instruments,assistant
intestines,internal organ
intruder,unwelcome person
invitation,request
jackal,canine
jaguar,big cat
jars,vessel
jaw,bone
jewelry,adornment
kids,goat
kind,category
kingdom,sphere
kinsfolk,lineage
knees,hinge joint
knife,edge tool
knocks,sound
knots,bunch
lack,need
lakes,body of water
lame,simpleton
lamp,source of illumination
landscape,scenery
laugh,utterance
laughs,utterance
law,collection
layers,hen
leaving,act
left,position
leopard,big cat
letter,owner
levels,property
limbs,branch
line,electromagnetic radiation
load,electrical power
loci,scene
loon,gaviiform seabird
luminary,celebrity
lure,attraction
lures,attraction
lying,falsification
magician,performer
maidens,girl
mammals,vertebrate
march,Gregorian calendar month
marrow,summer squash
measure,maneuver
measuring,activity
members,associate
menses,discharge
message,communication
messenger,traveler
metal,chemical element
metamorphosis,organic process
middle,area
milk,beverage
mill,plant
minister,clergyman
mirror,reflector
mistress,woman
mitten,glove
moccasins,shoe
mole,insectivore
moment,force
monkey,primate
months,time period
moons,satellite
mortal,organism
mothers,parent
mourner,unfortunate
movement,change
mucus,secretion
murmur,sound
musical,play
mute,deaf person
nails,horny structure
needle,simple leaf
neighbor,person
nestlings,young bird
nights,time period
normal,practice
ogres,unpleasant person
oil,lipid
old,past
ones,digit
openings,space
opinion,belief
opossum,marsupial
ordeal,experience
organ,body part
organs,meat
original,creation
orion,diffuse nebula
owners,businessman
oyster,bivalve
paddles,bat
palace,mansion
palm,tree
parakeet,parrot
paramour,lover
parrot,bird
partners,relative
partridge,game bird
party,person
past,time
path,course
patient,sick person
paw,animal foot
peck,large indefinite quantity
period,fundamental quantity
pestle,machine
pet,animal
pick,decision making
pigs,swine
pike,percoid fish
pipe,tube
pitch,sound property
places,point
plans,idea
plot,scheme
poison,substance
poles,European
poor,people
porcupine,rodent
possessions,control
powder,solid
powers,physical phenomenon
prayer,religious person
precipitations,weather
prediction,reasoning
presents,time
primogeniture,inheritance
prince,aristocrat
prisoner,unfortunate
problems,difficulty
projectile,weapon
property,possession
pulls,force
puma,wildcat
pumpkin,squash
puppy,dog
push,force
pushes,force
quarrel,dispute
queen,insect
question,questioning
rabbit,leporid
ram,sheep
rams,sheep
rapids,waterway
rat,rodent
raven,corvine bird
raw,nakedness
reaction,force
regrets,acknowledgment
relation,person
relations,person
release,merchandise
resin,organic compound
revenge,return
reverse,opposition
rhea,ratite
rich,people
riddle,problem
riddles,problem
ride,journey
rider,traveler
rime,ice
ring,sound
rise,slope
rises,slope
rituals,custom
rival,contestant
roasting,cooking
robber,thief
rolls,rotation
root,plant organ
roots,plant organ
rose,shrub
round,ammunition
runs,score
rushes,marsh plant
saves,prevention
savior,benefactor
scales,leaf
scissors,compound lever
season,time period
seasons,time period
seed,fruit
sell,sale
sells,sale
separate,article
serve,tennis stroke
setting,environment
seven,digit
shadow,shade
shafts,light
shakes,building material
shaman,priest
shell,scute
shepherd,clergyman
ship,vessel
shoes,situation
shore,geological formation
shot,expert
shoulder,body part
siblings,relative
sight,visual percept
silence,condition
sinks,natural depression
sitter,hen
sitting,motion
skill,ability
skunk,musteline mammal
slave,person
sleigh,vehicle
smear,cytologic specimen
smith,Smith
snail,gastropod
snakes,diapsid
soil,dirtiness
soles,colloid
songs,musical composition
sons,male offspring
sound,mechanical phenomenon
sounds,mechanical phenomenon
source,communicator
speaking,utterance
spear,weapon
speed,rate
spider,arachnid
spike,fruit
spoils,stolen property
spots,symptom
spouse,relative
spring,geological formation
squirrel,rodent
staff,force
stag,red deer
stands,support
statue,sculpture
status,state
stealing,felony
stepmother,stepparent
steps,stairway
stop,ending
stories,message
storyteller,speaker
strangers,intruder
straps,leather strip
straw,plant fiber
stream,body of water
string,cord
stripes,badge
stupidity,inability
sunrise,atmospheric phenomenon
suns,star
surprise,astonishment
swallows,oscine
swans,aquatic bird
swim,water sport
table,tableland
talk,conversation
talons,claw
tapir,odd-toed ungulate
tasks,work
teller,official
telling,narration
thieves,criminal
thorn,annoyance
throat,tubular cavity
thrust,force
thumb,finger
thunders,noise
thunderstorms,storm
ties,neckwear
tiger,big cat
toes,digit
tool,slave
tools,slave
tortoise,turtle
trace,small indefinite quantity
traces,small indefinite quantity
traits,attribute
transformer,electrical device
transparence,physical phenomenon
traveler,person
treatment,care
trick,customer
tricks,customer
triggers,lever
trunk,stalk
tunnel,hole
type,adult
uncle,kinsman
ungulate,placental
upside,side
urine,body waste
vegetation,collection
vessels,tube
village,community
vine,vascular plant
voices,sound
vomits,body waste
vultures,bird of prey
vulva,female genitalia
wager,gambling
waist,area
wait,pause
waiting,inactivity
walks,locomotion
warning,informing
wash,streambed
wasp,hymenopterous insect
watchman,guard
waters,Waters
weaving,handicraft
wet,wetness
whale,cetacean
wheat,cereal
whistling,sound
win,victory
wing,hockey player
winner,contestant
witch,occultist
wizard,expert
wolverine,musteline mammal
womb,female internal reproductive organ
worlds,natural object
worm,invertebrate
worms,invertebrate
worse,bad
wounds,injury
yarn,report
