biome,word,in_biome_n,discrim_score
Boreal Forests/Taiga,pike,6,7.219966562108323
Boreal Forests/Taiga,shot,3,5.579065070720068
Boreal Forests/Taiga,sleigh,4,5.455085846926289
Boreal Forests/Taiga,adam,3,4.720747367532366
Boreal Forests/Taiga,pursuing,4,4.3066467212575965
Boreal Forests/Taiga,sew,4,4.3066467212575965
Boreal Forests/Taiga,decorates,5,4.091314385194717
Boreal Forests/Taiga,shakes,5,3.7882540603654786
Boreal Forests/Taiga,horsemen,3,3.6099832810541614
Boreal Forests/Taiga,arrived,3,3.6099832810541614
Boreal Forests/Taiga,rolls,3,3.6099832810541614
Boreal Forests/Taiga,grants,8,3.339848477709973
Boreal Forests/Taiga,wolverine,6,3.3172819339416617
Boreal Forests/Taiga,bears,4,3.273051508155773
Boreal Forests/Taiga,dresses,4,3.273051508155773
Boreal Forests/Taiga,artifacts,3,3.2299850409431974
Boreal Forests/Taiga,mitten,3,3.2299850409431974
Boreal Forests/Taiga,eve,6,3.1471649116882436
Boreal Forests/Taiga,crow,3,2.922367417996226
Boreal Forests/Taiga,mammals,3,2.922367417996226
Boreal Forests/Taiga,worthless,3,2.922367417996226
Boreal Forests/Taiga,seemingly,3,2.922367417996226
Boreal Forests/Taiga,tools,6,2.8544053850195694
Boreal Forests/Taiga,inner,4,2.821596127720494
Boreal Forests/Taiga,dough,4,2.821596127720494
Boreal Forests/Taiga,grouse,5,2.7644016116180516
Boreal Forests/Taiga,porcupine,6,2.7275429234631443
Boreal Forests/Taiga,songs,3,2.668248512083511
Boreal Forests/Taiga,middle,4,2.6395576678675594
Boreal Forests/Taiga,fisher,4,2.6395576678675594
Boreal Forests/Taiga,organs,4,2.6395576678675594
Boreal Forests/Taiga,smith,4,2.6395576678675594
Boreal Forests/Taiga,berries,4,2.6395576678675594
Boreal Forests/Taiga,rider,4,2.6395576678675594
Boreal Forests/Taiga,string,5,2.62263742640687
Boreal Forests/Taiga,ferry,6,2.6114772671455637
Boreal Forests/Taiga,roots,6,2.6114772671455637
Boreal Forests/Taiga,loon,7,2.6035636996693654
Boreal Forests/Taiga,whale,8,2.5976599271077565
Boreal Forests/Taiga,cloak,6,2.5048863582824796
Boreal Forests/Taiga,fat,6,2.5048863582824796
Boreal Forests/Taiga,elk,15,2.4947038934114127
Boreal Forests/Taiga,base,4,2.479584475875586
Boreal Forests/Taiga,mistress,12,2.4795844758755856
Boreal Forests/Taiga,tunnel,3,2.4547886311168297
Boreal Forests/Taiga,mourner,3,2.4547886311168297
Boreal Forests/Taiga,soles,3,2.4547886311168297
Boreal Forests/Taiga,squirrel,12,2.43048379318498
Boreal Forests/Taiga,breast,6,2.4066555207027744
Boreal Forests/Taiga,colts,6,2.4066555207027744
Boreal Forests/Taiga,frozen,5,2.3786711541829746
Boreal Forests/Taiga,bell,5,2.3786711541829746
Boreal Forests/Taiga,levels,4,2.337893934396981
Boreal Forests/Taiga,beggar,4,2.337893934396981
Boreal Forests/Taiga,identified,14,2.3283903005173183
Boreal Forests/Taiga,stands,5,2.272952436219287
Boreal Forests/Taiga,swans,3,2.272952436219287
Boreal Forests/Taiga,replace,3,2.272952436219287
Boreal Forests/Taiga,embraced,3,2.272952436219287
Boreal Forests/Taiga,wizard,3,2.272952436219287
Boreal Forests/Taiga,powers,3,2.272952436219287
Boreal Forests/Taiga,crashes,3,2.272952436219287
Boreal Forests/Taiga,lying,3,2.272952436219287
Boreal Forests/Taiga,transparence,3,2.272952436219287
Boreal Forests/Taiga,shaman,9,2.218182497997135
Boreal Forests/Taiga,shoes,9,2.218182497997135
Boreal Forests/Taiga,covering,4,2.211521289294441
Boreal Forests/Taiga,migratory,4,2.211521289294441
Boreal Forests/Taiga,steps,4,2.211521289294441
Boreal Forests/Taiga,scissors,4,2.211521289294441
Boreal Forests/Taiga,provokes,10,2.1996313898896327
Boreal Forests/Taiga,places,8,2.1820343387705154
Boreal Forests/Taiga,handle,5,2.1762310559546365
Boreal Forests/Taiga,bitch,5,2.1762310559546365
Boreal Forests/Taiga,holding,3,2.116197095790371
Boreal Forests/Taiga,lack,3,2.116197095790371
Boreal Forests/Taiga,sweetest,3,2.116197095790371
Boreal Forests/Taiga,successful,3,2.116197095790371
Boreal Forests/Taiga,replaced,3,2.116197095790371
Boreal Forests/Taiga,relation,3,2.116197095790371
Deserts & Xeric Shrublands,traveler,4,5.756784329728627
Deserts & Xeric Shrublands,dolls,3,4.31758824729647
Deserts & Xeric Shrublands,wing,3,3.301685130285536
Deserts & Xeric Shrublands,ants,4,2.9935278514588863
Deserts & Xeric Shrublands,bluff,4,2.9935278514588863
Deserts & Xeric Shrublands,balance,3,2.9541393270975846
Deserts & Xeric Shrublands,mitten,3,2.9541393270975846
Deserts & Xeric Shrublands,spend,3,2.9541393270975846
Deserts & Xeric Shrublands,throat,3,2.9541393270975846
Deserts & Xeric Shrublands,zoomorphic,3,2.672792724516863
Deserts & Xeric Shrublands,blows,4,2.580627458154212
Deserts & Xeric Shrublands,vessels,4,2.580627458154212
Deserts & Xeric Shrublands,foxes,5,2.5283174421105454
Deserts & Xeric Shrublands,full,5,2.5283174421105454
Deserts & Xeric Shrublands,begins,9,2.5132230096203334
Deserts & Xeric Shrublands,front,6,2.4946065428824054
Deserts & Xeric Shrublands,murmur,3,2.4403759658632223
Deserts & Xeric Shrublands,image,3,2.4403759658632223
Deserts & Xeric Shrublands,armpits,4,2.4141353640797467
Deserts & Xeric Shrublands,bowels,4,2.4141353640797467
Deserts & Xeric Shrublands,robber,4,2.4141353640797467
Deserts & Xeric Shrublands,blow,4,2.267824129893096
Deserts & Xeric Shrublands,hedgehog,4,2.267824129893096
Deserts & Xeric Shrublands,said,4,2.267824129893096
Deserts & Xeric Shrublands,shell,4,2.267824129893096
Deserts & Xeric Shrublands,captured,3,2.245145888594165
Deserts & Xeric Shrublands,precipitations,3,2.245145888594165
Deserts & Xeric Shrublands,palace,3,2.245145888594165
Deserts & Xeric Shrublands,fake,3,2.245145888594165
Deserts & Xeric Shrublands,basin,3,2.245145888594165
Deserts & Xeric Shrublands,rams,3,2.245145888594165
Deserts & Xeric Shrublands,tunnel,3,2.245145888594165
Deserts & Xeric Shrublands,speaking,3,2.245145888594165
Deserts & Xeric Shrublands,soles,3,2.245145888594165
Deserts & Xeric Shrublands,desires,3,2.245145888594165
Deserts & Xeric Shrublands,cause,6,2.2011234201903576
Deserts & Xeric Shrublands,heat,7,2.146997434447971
Deserts & Xeric Shrublands,beggar,4,2.13823417961349
Deserts & Xeric Shrublands,coal,4,2.13823417961349
Deserts & Xeric Shrublands,lived,5,2.0788387857353374
Deserts & Xeric Shrublands,bees,3,2.0788387857353374
Deserts & Xeric Shrublands,stories,3,2.0788387857353374
Deserts & Xeric Shrublands,cripple,3,2.0788387857353374
Deserts & Xeric Shrublands,heron,3,2.0788387857353374
Deserts & Xeric Shrublands,waiting,7,2.0788387857353374
Deserts & Xeric Shrublands,embraced,3,2.0788387857353374
Deserts & Xeric Shrublands,wizard,3,2.0788387857353374
Deserts & Xeric Shrublands,crashes,3,2.0788387857353374
Deserts & Xeric Shrublands,easier,3,2.0788387857353374
Deserts & Xeric Shrublands,stream,4,2.0226539536884367
Deserts & Xeric Shrublands,idea,4,2.0226539536884367
Deserts & Xeric Shrublands,disgraced,4,2.0226539536884367
Deserts & Xeric Shrublands,spike,4,2.0226539536884367
Deserts & Xeric Shrublands,frogs,4,2.0226539536884367
Deserts & Xeric Shrublands,question,4,2.0226539536884367
Deserts & Xeric Shrublands,scissors,4,2.0226539536884367
Deserts & Xeric Shrublands,thorn,4,2.0226539536884367
Deserts & Xeric Shrublands,womb,10,1.9694262180650566
Deserts & Xeric Shrublands,beard,11,1.9600479979790324
Deserts & Xeric Shrublands,told,8,1.943849254194082
Deserts & Xeric Shrublands,season,3,1.935470593615659
Deserts & Xeric Shrublands,horizon,3,1.935470593615659
Deserts & Xeric Shrublands,sweetest,3,1.935470593615659
Deserts & Xeric Shrublands,chase,3,1.935470593615659
Deserts & Xeric Shrublands,armadillo,3,1.935470593615659
Deserts & Xeric Shrublands,chaste,3,1.935470593615659
Deserts & Xeric Shrublands,thrust,3,1.935470593615659
Deserts & Xeric Shrublands,initiative,3,1.935470593615659
Deserts & Xeric Shrublands,thin,3,1.935470593615659
Deserts & Xeric Shrublands,butt,3,1.935470593615659
Deserts & Xeric Shrublands,skill,4,1.9189281099095425
Deserts & Xeric Shrublands,beaks,4,1.9189281099095425
Deserts & Xeric Shrublands,riddles,4,1.9189281099095425
Deserts & Xeric Shrublands,winner,4,1.9189281099095425
Deserts & Xeric Shrublands,ram,5,1.9091376603691874
Deserts & Xeric Shrublands,stripes,5,1.9091376603691874
Deserts & Xeric Shrublands,yarn,5,1.9091376603691874
Deserts & Xeric Shrublands,holes,6,1.9026660072831905
Deserts & Xeric Shrublands,days,6,1.9026660072831905
Deserts & Xeric Shrublands,ferryman,6,1.9026660072831905
Flooded Grasslands & Savannas,primogeniture,3,7.698067339248816
Flooded Grasslands & Savannas,raw,3,6.359273019379455
Flooded Grasslands & Savannas,basin,3,5.8505311778291
Flooded Grasslands & Savannas,watchman,3,5.8505311778291
Flooded Grasslands & Savannas,swans,3,5.417158497989907
Flooded Grasslands & Savannas,hyena,4,4.756529412869186
Flooded Grasslands & Savannas,inner,3,4.7181703047008865
Flooded Grasslands & Savannas,organs,3,4.432220589264469
Flooded Grasslands & Savannas,pestle,3,3.9530616066412834
Flooded Grasslands & Savannas,witch,3,3.9530616066412834
Flooded Grasslands & Savannas,grasshopper,3,3.9530616066412834
Flooded Grasslands & Savannas,entrusted,3,3.750340498608397
Flooded Grasslands & Savannas,disgraced,3,3.750340498608397
Flooded Grasslands & Savannas,grouse,3,3.5673970596518894
Flooded Grasslands & Savannas,imitate,3,3.5673970596518894
Flooded Grasslands & Savannas,beauty,12,3.4618527679462128
Flooded Grasslands & Savannas,granted,3,3.4014716150169186
Flooded Grasslands & Savannas,previously,3,3.4014716150169186
Flooded Grasslands & Savannas,status,3,3.250295098793944
Flooded Grasslands & Savannas,disguise,3,3.1119846690580317
Flooded Grasslands & Savannas,patient,4,3.095519141708518
Flooded Grasslands & Savannas,unusual,5,3.085723195057542
Flooded Grasslands & Savannas,touched,4,3.0002723988867177
Flooded Grasslands & Savannas,collapses,3,2.9849648866474996
Flooded Grasslands & Savannas,magician,3,2.9849648866474996
Flooded Grasslands & Savannas,maidens,3,2.9849648866474996
Flooded Grasslands & Savannas,root,3,2.9849648866474996
Flooded Grasslands & Savannas,jars,3,2.9849648866474996
Flooded Grasslands & Savannas,evidence,6,2.954813726176313
Flooded Grasslands & Savannas,presents,6,2.8963025632817323
Flooded Grasslands & Savannas,sinks,3,2.8679074401123037
Flooded Grasslands & Savannas,disappeared,3,2.8679074401123037
Flooded Grasslands & Savannas,deceived,3,2.8679074401123037
Flooded Grasslands & Savannas,opinion,3,2.8679074401123037
Flooded Grasslands & Savannas,organ,3,2.8679074401123037
Flooded Grasslands & Savannas,lure,3,2.8679074401123037
Flooded Grasslands & Savannas,village,6,2.840063678557815
Flooded Grasslands & Savannas,drives,6,2.840063678557815
Flooded Grasslands & Savannas,happily,3,2.7596845178439144
Flooded Grasslands & Savannas,served,3,2.7596845178439144
Flooded Grasslands & Savannas,defect,3,2.7596845178439144
Flooded Grasslands & Savannas,doe,3,2.7596845178439144
Flooded Grasslands & Savannas,statue,4,2.7467282525019248
Flooded Grasslands & Savannas,strongest,4,2.671475423666255
Flooded Grasslands & Savannas,transparent,4,2.671475423666255
Flooded Grasslands & Savannas,mirror,3,2.6593323535586815
Flooded Grasslands & Savannas,grandson,3,2.6593323535586815
Flooded Grasslands & Savannas,goose,6,2.6353744044275222
Flooded Grasslands & Savannas,ancestor,5,2.6212057248338256
Flooded Grasslands & Savannas,prince,9,2.5660224464162718
Flooded Grasslands & Savannas,kinsfolk,3,2.5660224464162718
Flooded Grasslands & Savannas,stepmother,3,2.4790386346733473
Flooded Grasslands & Savannas,problems,3,2.4790386346733473
Flooded Grasslands & Savannas,inheritance,3,2.4790386346733473
Flooded Grasslands & Savannas,ordered,4,2.4685785560460336
Flooded Grasslands & Savannas,stop,4,2.4685785560460336
Flooded Grasslands & Savannas,oil,4,2.4685785560460336
Flooded Grasslands & Savannas,younger,9,2.451339878978673
Flooded Grasslands & Savannas,property,13,2.428381395650648
Flooded Grasslands & Savannas,dwarfs,6,2.4175748668715284
Flooded Grasslands & Savannas,explain,5,2.4135854694014434
Flooded Grasslands & Savannas,sells,5,2.4135854694014434
Flooded Grasslands & Savannas,sacred,4,2.4076259991066253
Flooded Grasslands & Savannas,pursue,4,2.4076259991066253
Flooded Grasslands & Savannas,innocent,4,2.4076259991066253
Flooded Grasslands & Savannas,poles,3,2.3977586794381556
Flooded Grasslands & Savannas,rich,8,2.36385098094105
Flooded Grasslands & Savannas,dream,8,2.36385098094105
Flooded Grasslands & Savannas,elder,16,2.3567094371919834
Flooded Grasslands & Savannas,telling,3,2.3216393562813886
Flooded Grasslands & Savannas,needle,5,2.3216393562813886
Flooded Grasslands & Savannas,blinded,3,2.3216393562813886
Flooded Grasslands & Savannas,until,3,2.3216393562813886
Flooded Grasslands & Savannas,prediction,3,2.3216393562813886
Flooded Grasslands & Savannas,hears,4,2.294325952089843
Flooded Grasslands & Savannas,ungulate,5,2.278244228126596
Flooded Grasslands & Savannas,geese,5,2.278244228126596
Flooded Grasslands & Savannas,simultaneously,3,2.250204299165038
Flooded Grasslands & Savannas,riddle,3,2.250204299165038
Flooded Grasslands & Savannas,queen,3,2.250204299165038
Mangroves,bench,3,16.468917018284106
Mangroves,armpits,3,13.47456846950518
Mangroves,pestle,3,12.017858364693808
Mangroves,tapir,5,10.152072134558697
Mangroves,earthquakes,3,9.460867223269593
Mangroves,touched,4,9.121246348588121
Mangroves,extra,3,9.074709377421856
Mangroves,downward,3,8.389825650823978
Mangroves,worlds,5,8.143969954096537
Mangroves,unborn,4,8.121657707646959
Mangroves,call,4,7.504822945040859
Mangroves,path,7,7.058107293550331
Mangroves,aquatic,3,7.058107293550331
Mangroves,dam,3,7.058107293550331
Mangroves,reared,4,6.375064652239009
Mangroves,artificial,4,5.988697097557857
Mangroves,age,3,5.628617208780644
Mangroves,womb,4,5.54094404353484
Mangroves,rises,3,5.489639006094702
Mangroves,hen,3,5.489639006094702
Mangroves,deity,5,4.9079554027998995
Mangroves,chickens,3,4.781298489179257
Mangroves,cataclysm,3,4.680639573617588
Mangroves,suns,6,4.46895235672031
Mangroves,forever,3,4.402581777165058
Mangroves,changed,3,4.402581777165058
Mangroves,darkness,3,4.317094752365737
Mangroves,immortal,4,4.2653310263181865
Mangroves,paramour,13,4.179746835443038
Mangroves,normal,4,4.1460210675400555
Mangroves,container,9,4.030157941030249
Mangroves,sunrise,3,4.005952788231269
Mangroves,tasks,6,3.9525400843881857
Mangroves,den,3,3.9350509689705384
Mangroves,burial,4,3.92636432223992
Mangroves,amount,3,3.866615299944964
Mangroves,behaves,3,3.866615299944964
Mangroves,swallows,4,3.825038791343406
Mangroves,ascends,6,3.8168305535937415
Mangroves,bite,3,3.73664503776194
Mangroves,trunk,3,3.6748823098650485
Mangroves,walks,4,3.6373068261240973
Mangroves,worm,3,3.615128125964804
Mangroves,offended,4,3.5501857045402865
Mangroves,dwarfs,3,3.50126582278481
Mangroves,rabbit,8,3.4570321437797547
Mangroves,responsible,5,3.4469826317338828
Mangroves,revenge,3,3.3943569426997775
Mangroves,lunar,5,3.384024044852899
Mangroves,anus,8,3.378239388365971
Mangroves,orion,6,3.3559302603295915
Mangroves,relations,5,3.3233240619855824
Mangroves,bridge,6,3.306027951625806
Mangroves,waters,5,3.293783403656821
Mangroves,pick,3,3.293783403656821
Mangroves,spider,5,3.293783403656821
Mangroves,original,7,3.273002435810406
Mangroves,rejected,3,3.245698974406357
Mangroves,pregnant,3,3.245698974406357
Mangroves,advices,3,3.245698974406357
Mangroves,cave,5,3.23625006909513
Mangroves,flood,6,3.2105469999543024
Mangroves,sons,5,3.2082305879774236
Mangroves,dark,4,3.2047622305850156
Mangroves,close,4,3.1369365749112585
Mangroves,figure,5,3.127009560433691
Mangroves,mortal,6,3.1204263824117255
Mangroves,fingers,3,3.1095158006550414
Mangroves,ones,6,3.0986812508269743
Mangroves,destroyed,6,3.077237089921598
Mangroves,correct,5,3.0751089868165344
Mangroves,hunters,4,3.071922345379419
Mangroves,coming,7,3.0605951980881967
Mangroves,eclipses,5,3.024903125807285
Mangroves,disc,3,3.024903125807285
Mangroves,next,4,2.949656779394169
Mangroves,kind,3,2.9447732416799397
Mangroves,anthropomorphic,9,2.881171227820762
Mangroves,connected,3,2.868779093507554
Mangroves,snakes,3,2.868779093507554
"Mediterranean Forests, Woodlands & Scrub",harnessed,3,10.95434941277951
"Mediterranean Forests, Woodlands & Scrub",chimney,3,10.95434941277951
"Mediterranean Forests, Woodlands & Scrub",cain,3,5.898495837650506
"Mediterranean Forests, Woodlands & Scrub",adam,3,5.898495837650506
"Mediterranean Forests, Woodlands & Scrub",jewelry,4,5.381083922067127
"Mediterranean Forests, Woodlands & Scrub",march,4,4.089623780771017
"Mediterranean Forests, Woodlands & Scrub",primogeniture,3,4.035812941550346
"Mediterranean Forests, Woodlands & Scrub",eve,6,3.9323305584336707
"Mediterranean Forests, Woodlands & Scrub",ring,5,3.8727497923967964
"Mediterranean Forests, Woodlands & Scrub",castrated,3,3.651449804259837
"Mediterranean Forests, Woodlands & Scrub",robber,4,3.2980836941701748
"Mediterranean Forests, Woodlands & Scrub",paw,4,3.098199833917437
"Mediterranean Forests, Woodlands & Scrub",basin,3,3.067217835578263
"Mediterranean Forests, Woodlands & Scrub",rams,3,3.067217835578263
"Mediterranean Forests, Woodlands & Scrub",straps,3,3.067217835578263
"Mediterranean Forests, Woodlands & Scrub",fleas,6,3.007076309390454
"Mediterranean Forests, Woodlands & Scrub",bell,5,2.972110305792891
"Mediterranean Forests, Woodlands & Scrub",chicken,18,2.968275324753158
"Mediterranean Forests, Woodlands & Scrub",crooked,4,2.921159843407869
"Mediterranean Forests, Woodlands & Scrub",bees,3,2.8400165144243177
"Mediterranean Forests, Woodlands & Scrub",kids,3,2.8400165144243177
"Mediterranean Forests, Woodlands & Scrub",intruder,3,2.8400165144243177
"Mediterranean Forests, Woodlands & Scrub",question,4,2.7632593113317685
"Mediterranean Forests, Woodlands & Scrub",until,6,2.690541961033564
"Mediterranean Forests, Woodlands & Scrub",replaced,3,2.6441533065329854
"Mediterranean Forests, Woodlands & Scrub",imitate,4,2.6215537056224467
"Mediterranean Forests, Woodlands & Scrub",ram,5,2.608178431614169
"Mediterranean Forests, Woodlands & Scrub",nights,5,2.608178431614169
"Mediterranean Forests, Woodlands & Scrub",spring,6,2.514112979982183
"Mediterranean Forests, Woodlands & Scrub",table,3,2.4735627706276313
"Mediterranean Forests, Woodlands & Scrub",barrel,3,2.4735627706276313
"Mediterranean Forests, Woodlands & Scrub",devils,3,2.4735627706276313
"Mediterranean Forests, Woodlands & Scrub",disenchanted,5,2.4113347763980055
"Mediterranean Forests, Woodlands & Scrub",field,5,2.4113347763980055
"Mediterranean Forests, Woodlands & Scrub",sing,4,2.3776882446343124
"Mediterranean Forests, Woodlands & Scrub",intends,3,2.323649875438078
"Mediterranean Forests, Woodlands & Scrub",offends,3,2.323649875438078
"Mediterranean Forests, Woodlands & Scrub",invitation,3,2.323649875438078
"Mediterranean Forests, Woodlands & Scrub",flute,3,2.323649875438078
"Mediterranean Forests, Woodlands & Scrub",regrets,3,2.323649875438078
"Mediterranean Forests, Woodlands & Scrub",win,3,2.323649875438078
"Mediterranean Forests, Woodlands & Scrub",tortoise,6,2.2889685340136294
"Mediterranean Forests, Woodlands & Scrub",graze,6,2.2889685340136294
"Mediterranean Forests, Woodlands & Scrub",staff,4,2.2720132115394542
"Mediterranean Forests, Woodlands & Scrub",fowl,4,2.2720132115394542
"Mediterranean Forests, Woodlands & Scrub",mute,5,2.2421183008613035
"Mediterranean Forests, Woodlands & Scrub",flint,3,2.1908698825559023
"Mediterranean Forests, Woodlands & Scrub",kingdom,3,2.1908698825559023
"Mediterranean Forests, Woodlands & Scrub",sticky,3,2.1908698825559023
"Mediterranean Forests, Woodlands & Scrub",shut,3,2.1908698825559023
"Mediterranean Forests, Woodlands & Scrub",toes,4,2.175331798282456
"Mediterranean Forests, Woodlands & Scrub",needed,4,2.175331798282456
"Mediterranean Forests, Woodlands & Scrub",five,4,2.175331798282456
"Mediterranean Forests, Woodlands & Scrub",treatment,4,2.175331798282456
"Mediterranean Forests, Woodlands & Scrub",instrument,5,2.166114290662615
"Mediterranean Forests, Woodlands & Scrub",forty,6,2.160012560266382
"Mediterranean Forests, Woodlands & Scrub",trace,9,2.1104709877832084
"Mediterranean Forests, Woodlands & Scrub",talk,6,2.1008341339577146
"Mediterranean Forests, Woodlands & Scrub",period,5,2.0950941499851523
"Mediterranean Forests, Woodlands & Scrub",neighbor,4,2.086542745291335
"Mediterranean Forests, Woodlands & Scrub",disappeared,4,2.086542745291335
"Mediterranean Forests, Woodlands & Scrub",cock,9,2.0724444834988263
"Mediterranean Forests, Woodlands & Scrub",weaving,3,2.0724444834988263
"Mediterranean Forests, Woodlands & Scrub",dried,3,2.0724444834988263
"Mediterranean Forests, Woodlands & Scrub",prayer,3,2.0724444834988263
"Mediterranean Forests, Woodlands & Scrub",ogres,3,2.0724444834988263
"Mediterranean Forests, Woodlands & Scrub",unrecognizable,3,2.0724444834988263
"Mediterranean Forests, Woodlands & Scrub",hatched,3,2.0724444834988263
"Mediterranean Forests, Woodlands & Scrub",grasshopper,3,2.0724444834988263
"Mediterranean Forests, Woodlands & Scrub",nails,7,2.0565636828589886
"Mediterranean Forests, Woodlands & Scrub",copulates,6,2.0448118903855086
"Mediterranean Forests, Woodlands & Scrub",hen,6,2.0448118903855086
"Mediterranean Forests, Woodlands & Scrub",members,13,2.013829892046334
"Mediterranean Forests, Woodlands & Scrub",load,4,2.004717539593636
"Mediterranean Forests, Woodlands & Scrub",metal,4,2.004717539593636
"Mediterranean Forests, Woodlands & Scrub",hay,4,2.004717539593636
"Mediterranean Forests, Woodlands & Scrub",pipe,4,2.004717539593636
"Mediterranean Forests, Woodlands & Scrub",defect,4,2.004717539593636
"Mediterranean Forests, Woodlands & Scrub",coffin,3,1.9661652792168354
"Mediterranean Forests, Woodlands & Scrub",disgraced,3,1.9661652792168354
Montane Grasslands & Shrublands,parakeet,3,6.388742062811052
Montane Grasslands & Shrublands,parrot,6,5.807947329828229
Montane Grasslands & Shrublands,seed,4,4.732401528008187
Montane Grasslands & Shrublands,rime,3,4.166570910528947
Montane Grasslands & Shrublands,mourner,3,3.833245237686631
Montane Grasslands & Shrublands,speaking,3,3.833245237686631
Montane Grasslands & Shrublands,straps,3,3.833245237686631
Montane Grasslands & Shrublands,soles,3,3.833245237686631
Montane Grasslands & Shrublands,desires,3,3.833245237686631
Montane Grasslands & Shrublands,frozen,5,3.714384920238984
Montane Grasslands & Shrublands,feline,5,3.54930114600614
Montane Grasslands & Shrublands,wait,3,3.54930114600614
Montane Grasslands & Shrublands,crashes,3,3.54930114600614
Montane Grasslands & Shrublands,stealing,3,3.304521756626406
Montane Grasslands & Shrublands,blames,3,3.304521756626406
Montane Grasslands & Shrublands,puppy,6,3.1420042931857632
Montane Grasslands & Shrublands,hyena,4,3.1164595428346598
Montane Grasslands & Shrublands,roasting,3,3.091326804585993
Montane Grasslands & Shrublands,crying,3,3.091326804585993
Montane Grasslands & Shrublands,devils,3,3.091326804585993
Montane Grasslands & Shrublands,shepherd,5,2.903973664914115
Montane Grasslands & Shrublands,transforming,3,2.9039736649141146
Montane Grasslands & Shrublands,hoof,3,2.9039736649141146
Montane Grasslands & Shrublands,win,3,2.9039736649141146
Montane Grasslands & Shrublands,chipmunk,4,2.839440916804912
Montane Grasslands & Shrublands,pumpkin,5,2.802079852110111
Montane Grasslands & Shrublands,useless,3,2.738032312633308
Montane Grasslands & Shrublands,shell,3,2.738032312633308
Montane Grasslands & Shrublands,needed,4,2.718613643749384
Montane Grasslands & Shrublands,horses,8,2.6345328094066196
Montane Grasslands & Shrublands,vomits,6,2.625510436771665
Montane Grasslands & Shrublands,holes,5,2.6183369109881363
Montane Grasslands & Shrublands,thumb,3,2.5900305660044802
Montane Grasslands & Shrublands,quickly,3,2.5900305660044802
Montane Grasslands & Shrublands,data,3,2.5900305660044802
Montane Grasslands & Shrublands,lazy,4,2.5053890442396285
Montane Grasslands & Shrublands,herbivorous,13,2.4866361322318467
Montane Grasslands & Shrublands,teller,8,2.4810648787615737
Montane Grasslands & Shrublands,animated,5,2.4572084856965586
Montane Grasslands & Shrublands,poisoned,3,2.4572084856965586
Montane Grasslands & Shrublands,waiting,5,2.3838589786608404
Montane Grasslands & Shrublands,beaks,3,2.337344657125995
Montane Grasslands & Shrublands,worse,3,2.337344657125995
Montane Grasslands & Shrublands,party,3,2.337344657125995
Montane Grasslands & Shrublands,hopes,3,2.337344657125995
Montane Grasslands & Shrublands,colts,4,2.3231789319312917
Montane Grasslands & Shrublands,buys,4,2.3231789319312917
Montane Grasslands & Shrublands,tortoise,5,2.314761616960526
Montane Grasslands & Shrublands,gourd,12,2.268192448335285
Montane Grasslands & Shrublands,formula,11,2.266972990029728
Montane Grasslands & Shrublands,strongest,5,2.249557064370089
Montane Grasslands & Shrublands,hurry,3,2.2286309521433902
Montane Grasslands & Shrublands,knocks,3,2.2286309521433902
Montane Grasslands & Shrublands,cup,3,2.2286309521433902
Montane Grasslands & Shrublands,feces,3,2.2286309521433902
Montane Grasslands & Shrublands,shafts,3,2.2286309521433902
Montane Grasslands & Shrublands,hits,3,2.2286309521433902
Montane Grasslands & Shrublands,previously,3,2.2286309521433902
Montane Grasslands & Shrublands,whistling,3,2.2286309521433902
Montane Grasslands & Shrublands,folktale,8,2.222171152282105
Montane Grasslands & Shrublands,believed,4,2.1656752755291704
Montane Grasslands & Shrublands,context,4,2.1656752755291704
Montane Grasslands & Shrublands,sounds,4,2.1656752755291704
Montane Grasslands & Shrublands,information,4,2.1656752755291704
Montane Grasslands & Shrublands,possessed,5,2.129580687603684
Montane Grasslands & Shrublands,trusted,3,2.129580687603684
Montane Grasslands & Shrublands,crossroad,3,2.129580687603684
Montane Grasslands & Shrublands,knife,5,2.129580687603684
Montane Grasslands & Shrublands,sitting,3,2.129580687603684
Montane Grasslands & Shrublands,sitter,3,2.129580687603684
Montane Grasslands & Shrublands,fugitive,7,2.089775441106419
Montane Grasslands & Shrublands,closing,8,2.077639695223106
Montane Grasslands & Shrublands,wounds,6,2.060884536390662
Montane Grasslands & Shrublands,ice,14,2.060884536390662
Montane Grasslands & Shrublands,atmospheric,3,2.038960232812038
Montane Grasslands & Shrublands,deprive,3,2.038960232812038
Montane Grasslands & Shrublands,letter,3,2.038960232812038
Montane Grasslands & Shrublands,thunderstorms,3,2.038960232812038
Montane Grasslands & Shrublands,everyone,3,2.038960232812038
Montane Grasslands & Shrublands,bell,3,2.038960232812038
N/A,desires,3,20.063507271171943
N/A,previously,3,11.664829808820896
N/A,grandson,3,9.119776032350883
N/A,brains,3,7.96170923459204
N/A,dove,4,7.349270062700345
N/A,lamp,4,5.815509353962883
N/A,drags,3,5.393415933110737
N/A,apple,3,5.2798703345189315
N/A,messenger,3,4.8697833182456165
N/A,adult,3,4.777025540755224
N/A,type,3,4.777025540755224
N/A,silence,3,4.687735343731762
N/A,fugitive,3,4.3616320154721615
N/A,basket,3,4.3616320154721615
N/A,laughs,5,4.287074203241868
N/A,sold,4,4.259767998125678
N/A,drowned,4,4.206186010727871
N/A,straw,3,4.145352741977674
N/A,sell,3,4.077948632352021
N/A,burning,4,4.0532337921559485
N/A,stupidity,3,4.012701454234388
N/A,saves,10,3.757211099470401
N/A,nestlings,7,3.7392052954793282
N/A,unsocial,3,3.7154643094762854
N/A,tasks,5,3.682728941110856
N/A,advices,3,3.66122395459342
N/A,ungrateful,3,3.66122395459342
N/A,jackal,4,3.654555058501265
N/A,bride,10,3.6268089788814066
N/A,catches,4,3.615046355166116
N/A,initially,4,3.5385374375964624
N/A,possessions,4,3.501484689558803
N/A,spouse,4,3.4651998741229613
N/A,drink,4,3.4651998741229613
N/A,produced,3,3.4592253915813687
N/A,form,6,3.447338019101708
N/A,disc,3,3.412161100539446
N/A,condition,3,3.412161100539446
N/A,torn,3,3.412161100539446
N/A,trick,5,3.357347267599053
N/A,milk,5,3.304266678388001
N/A,old,18,3.267672194001945
N/A,eager,3,3.236049559866442
N/A,laugh,4,3.199921414859959
N/A,donkey,3,3.194825998594258
N/A,failure,3,3.194825998594258
N/A,hands,4,3.1695904061883007
N/A,spots,3,3.1546395080459027
N/A,cases,3,3.115451439622972
N/A,domestic,8,3.0057688795763213
N/A,explains,4,2.999029487469648
N/A,seven,3,2.9679744483982162
N/A,spilled,3,2.9679744483982162
N/A,acquires,3,2.9679744483982162
N/A,ashes,3,2.9679744483982162
N/A,rid,3,2.899350761730049
N/A,poor,5,2.8926625246787694
N/A,rich,3,2.866215324453134
N/A,tricks,5,2.8338287106175057
N/A,bag,9,2.812641206239057
N/A,given,3,2.8021658199960813
N/A,runs,10,2.8006012382987078
N/A,figure,4,2.798257638936115
N/A,cat,6,2.7943603441743647
N/A,rival,3,2.77120266176408
N/A,moment,3,2.77120266176408
N/A,bed,3,2.77120266176408
N/A,grown,3,2.77120266176408
N/A,guise,8,2.7692901685537534
N/A,half,6,2.733447857107894
N/A,belt,3,2.7112847663745865
N/A,injured,8,2.7021558614372987
N/A,message,3,2.6822870683384945
N/A,reverse,3,2.6539030781973465
N/A,behavior,10,2.64132533849025
N/A,again,8,2.6278333033624026
N/A,plans,3,2.626113517169102
N/A,coyote,4,2.5237116064367227
N/A,destroys,3,2.5205411144688368
N/A,law,7,2.4743578382347353
Temperate Broadleaf & Mixed Forests,harnessed,3,6.431728379390967
Temperate Broadleaf & Mixed Forests,legged,3,6.431728379390967
Temperate Broadleaf & Mixed Forests,chimney,3,6.431728379390967
Temperate Broadleaf & Mixed Forests,pike,6,5.2967174889102075
Temperate Broadleaf & Mixed Forests,mizar,3,5.002455406192974
Temperate Broadleaf & Mixed Forests,blue,3,5.002455406192974
Temperate Broadleaf & Mixed Forests,heaven,4,4.617651144178129
Temperate Broadleaf & Mixed Forests,tool,3,4.092918059612433
Temperate Broadleaf & Mixed Forests,sleigh,4,4.001964324954379
Temperate Broadleaf & Mixed Forests,bath,5,3.5731824329949813
Temperate Broadleaf & Mixed Forests,knots,5,3.5731824329949813
Temperate Broadleaf & Mixed Forests,cornel,4,3.531144992606805
Temperate Broadleaf & Mixed Forests,harvest,4,3.531144992606805
Temperate Broadleaf & Mixed Forests,cain,3,3.463238358133597
Temperate Broadleaf & Mixed Forests,intestines,3,3.463238358133597
Temperate Broadleaf & Mixed Forests,adam,3,3.463238358133597
Temperate Broadleaf & Mixed Forests,jewelry,4,3.1594455197008258
Temperate Broadleaf & Mixed Forests,worthless,4,3.1594455197008258
Temperate Broadleaf & Mixed Forests,hedgehog,6,3.104972321085294
Temperate Broadleaf & Mixed Forests,cycle,3,3.0014732437157843
Temperate Broadleaf & Mixed Forests,untrue,3,3.0014732437157843
Temperate Broadleaf & Mixed Forests,handle,8,2.9282665792349114
Temperate Broadleaf & Mixed Forests,cloak,8,2.6679762166362524
Temperate Broadleaf & Mixed Forests,horsemen,3,2.6483587444551038
Temperate Broadleaf & Mixed Forests,differently,3,2.6483587444551038
Temperate Broadleaf & Mixed Forests,arrived,3,2.6483587444551038
Temperate Broadleaf & Mixed Forests,embodiments,3,2.6483587444551038
Temperate Broadleaf & Mixed Forests,speed,3,2.6483587444551038
Temperate Broadleaf & Mixed Forests,needle,15,2.6483587444551033
Temperate Broadleaf & Mixed Forests,highly,4,2.609976733665899
Temperate Broadleaf & Mixed Forests,kindle,4,2.609976733665899
Temperate Broadleaf & Mixed Forests,fisher,5,2.587476934237745
Temperate Broadleaf & Mixed Forests,rider,5,2.587476934237745
Temperate Broadleaf & Mixed Forests,foxes,6,2.5726913517563865
Temperate Broadleaf & Mixed Forests,grants,8,2.450182239767987
Temperate Broadleaf & Mixed Forests,cuckoo,8,2.450182239767987
Temperate Broadleaf & Mixed Forests,wolverine,6,2.4336269543641498
Temperate Broadleaf & Mixed Forests,blow,5,2.4205429384804713
Temperate Broadleaf & Mixed Forests,said,5,2.4205429384804713
Temperate Broadleaf & Mixed Forests,march,4,2.4011785949726274
Temperate Broadleaf & Mixed Forests,dresses,4,2.4011785949726274
Temperate Broadleaf & Mixed Forests,easier,4,2.4011785949726274
Temperate Broadleaf & Mixed Forests,chooses,3,2.369584139775619
Temperate Broadleaf & Mixed Forests,brushwood,3,2.369584139775619
Temperate Broadleaf & Mixed Forests,artifacts,3,2.369584139775619
Temperate Broadleaf & Mixed Forests,balance,3,2.369584139775619
Temperate Broadleaf & Mixed Forests,months,3,2.369584139775619
Temperate Broadleaf & Mixed Forests,mitten,3,2.369584139775619
Temperate Broadleaf & Mixed Forests,throat,3,2.369584139775619
Temperate Broadleaf & Mixed Forests,yarn,7,2.334479189556721
Temperate Broadleaf & Mixed Forests,eve,6,2.3088255720890647
Temperate Broadleaf & Mixed Forests,beggar,5,2.2738433664513518
Temperate Broadleaf & Mixed Forests,witch,5,2.2738433664513518
Temperate Broadleaf & Mixed Forests,storyteller,5,2.2738433664513518
Temperate Broadleaf & Mixed Forests,instrument,8,2.265262825445875
Temperate Broadleaf & Mixed Forests,knees,4,2.223313513863544
Temperate Broadleaf & Mixed Forests,argument,4,2.223313513863544
Temperate Broadleaf & Mixed Forests,charge,4,2.223313513863544
Temperate Broadleaf & Mixed Forests,seed,4,2.223313513863544
Temperate Broadleaf & Mixed Forests,scales,4,2.223313513863544
Temperate Broadleaf & Mixed Forests,measuring,3,2.1439094597969888
Temperate Broadleaf & Mixed Forests,pursuing,3,2.1439094597969888
Temperate Broadleaf & Mixed Forests,approaching,3,2.1439094597969888
Temperate Broadleaf & Mixed Forests,zoomorphic,3,2.1439094597969888
Temperate Broadleaf & Mixed Forests,attire,5,2.1439094597969888
Temperate Broadleaf & Mixed Forests,cradle,3,2.1439094597969888
Temperate Broadleaf & Mixed Forests,tools,6,2.0940511002668263
Temperate Broadleaf & Mixed Forests,shakes,4,2.069981547390196
Temperate Broadleaf & Mixed Forests,blows,4,2.069981547390196
Temperate Broadleaf & Mixed Forests,vessels,4,2.069981547390196
Temperate Broadleaf & Mixed Forests,cereals,4,2.069981547390196
Temperate Broadleaf & Mixed Forests,ship,4,2.069981547390196
Temperate Broadleaf & Mixed Forests,barrel,4,2.069981547390196
Temperate Broadleaf & Mixed Forests,dough,4,2.069981547390196
Temperate Broadleaf & Mixed Forests,initial,4,2.069981547390196
Temperate Broadleaf & Mixed Forests,alcor,8,2.0348971143835826
Temperate Broadleaf & Mixed Forests,door,8,2.0348971143835826
Temperate Broadleaf & Mixed Forests,rise,5,2.028022461970125
Temperate Broadleaf & Mixed Forests,pitch,5,2.028022461970125
Temperate Broadleaf & Mixed Forests,bad,11,1.9889280530646765
Temperate Conifer Forests,oyster,3,61.33658647299138
Temperate Conifer Forests,clot,3,8.762369496141625
Temperate Conifer Forests,spear,3,6.81517627477682
Temperate Conifer Forests,marrow,3,5.576053315726489
Temperate Conifer Forests,knots,5,4.867983053412014
Temperate Conifer Forests,rapids,3,4.718198959460875
Temperate Conifer Forests,gathering,3,4.718198959460875
Temperate Conifer Forests,mucus,3,4.718198959460875
Temperate Conifer Forests,steps,6,3.7173688771509923
Temperate Conifer Forests,beaver,8,3.634760679880971
Temperate Conifer Forests,horsemen,3,3.608034498411257
Temperate Conifer Forests,fireplace,3,3.608034498411257
Temperate Conifer Forests,sleigh,3,3.608034498411257
Temperate Conifer Forests,bears,4,3.271284611892874
Temperate Conifer Forests,march,4,3.271284611892874
Temperate Conifer Forests,laughing,3,3.228241393315336
Temperate Conifer Forests,crow,3,2.9207898320472085
Temperate Conifer Forests,mammals,3,2.9207898320472085
Temperate Conifer Forests,seemingly,3,2.9207898320472085
Temperate Conifer Forests,copper,8,2.8695479051691875
Temperate Conifer Forests,pubic,4,2.82007294128696
Temperate Conifer Forests,ship,4,2.82007294128696
Temperate Conifer Forests,initial,4,2.82007294128696
Temperate Conifer Forests,porcupine,6,2.726070509910728
Temperate Conifer Forests,rime,3,2.6668081075213643
Temperate Conifer Forests,armpits,4,2.638132751526511
Temperate Conifer Forests,smith,4,2.638132751526511
Temperate Conifer Forests,skunk,5,2.621221644144931
Temperate Conifer Forests,powder,5,2.621221644144931
Temperate Conifer Forests,string,5,2.621221644144931
Temperate Conifer Forests,transformer,7,2.6021582140056947
Temperate Conifer Forests,whale,8,2.5962576284864074
Temperate Conifer Forests,slave,6,2.50353414175475
Temperate Conifer Forests,left,4,2.4782459181006615
Temperate Conifer Forests,base,4,2.4782459181006615
Temperate Conifer Forests,paw,4,2.4782459181006615
Temperate Conifer Forests,sound,3,2.453463458919655
Temperate Conifer Forests,crest,3,2.453463458919655
Temperate Conifer Forests,conceives,3,2.453463458919655
Temperate Conifer Forests,dare,3,2.453463458919655
Temperate Conifer Forests,fake,3,2.453463458919655
Temperate Conifer Forests,tunnel,3,2.453463458919655
Temperate Conifer Forests,soles,3,2.453463458919655
Temperate Conifer Forests,ducks,6,2.4053563322741716
Temperate Conifer Forests,colts,6,2.4053563322741716
Temperate Conifer Forests,mole,5,2.377387072596565
Temperate Conifer Forests,frozen,5,2.377387072596565
Temperate Conifer Forests,borrows,3,2.2717254249256063
Temperate Conifer Forests,swans,3,2.2717254249256063
Temperate Conifer Forests,powers,3,2.2717254249256063
Temperate Conifer Forests,stories,3,2.2717254249256063
Temperate Conifer Forests,replace,3,2.2717254249256063
Temperate Conifer Forests,predicts,3,2.2717254249256063
Temperate Conifer Forests,rushes,3,2.2717254249256063
Temperate Conifer Forests,bluff,3,2.2717254249256063
Temperate Conifer Forests,owners,8,2.2406058985567627
Temperate Conifer Forests,buffalo,8,2.2406058985567627
Temperate Conifer Forests,duck,11,2.2267407630458913
Temperate Conifer Forests,shaman,9,2.216985053240652
Temperate Conifer Forests,pours,4,2.210327440468158
Temperate Conifer Forests,stream,4,2.210327440468158
Temperate Conifer Forests,diving,4,2.210327440468158
Temperate Conifer Forests,handle,5,2.1750562579074955
Temperate Conifer Forests,loon,6,2.1521609288768904
Temperate Conifer Forests,brains,6,2.1521609288768904
Temperate Conifer Forests,holding,3,2.11505470596522
Temperate Conifer Forests,lack,3,2.11505470596522
Temperate Conifer Forests,argument,3,2.11505470596522
Temperate Conifer Forests,paddles,3,2.11505470596522
Temperate Conifer Forests,charge,3,2.11505470596522
Temperate Conifer Forests,capable,3,2.11505470596522
Temperate Conifer Forests,amulets,3,2.11505470596522
Temperate Conifer Forests,jaw,3,2.11505470596522
Temperate Conifer Forests,ice,21,2.1150547059652194
Temperate Conifer Forests,warning,11,2.1018767950246264
Temperate Conifer Forests,party,4,2.096977315315945
Temperate Conifer Forests,rise,4,2.096977315315945
Temperate Conifer Forests,nights,5,2.0862784514622916
Temperate Conifer Forests,bait,6,2.079206321118352
Temperate Conifer Forests,quarrel,10,2.024309784587174
"Temperate Grasslands, Savannas & Shrublands",clot,3,8.169280618221093
"Temperate Grasslands, Savannas & Shrublands",legged,3,8.169280618221093
"Temperate Grasslands, Savannas & Shrublands",cornel,4,4.485095241376286
"Temperate Grasslands, Savannas & Shrublands",cain,3,4.398843409811358
"Temperate Grasslands, Savannas & Shrublands",dolls,3,4.398843409811358
"Temperate Grasslands, Savannas & Shrublands",heaven,3,3.8123309551698434
"Temperate Grasslands, Savannas & Shrublands",serve,3,3.363821431032215
"Temperate Grasslands, Savannas & Shrublands",captured,4,3.315070395799864
"Temperate Grasslands, Savannas & Shrublands",dresses,4,3.0498647641358745
"Temperate Grasslands, Savannas & Shrublands",rhea,3,3.009734964607771
"Temperate Grasslands, Savannas & Shrublands",seed,4,2.8239488556813654
"Temperate Grasslands, Savannas & Shrublands",blade,8,2.772604331032613
"Temperate Grasslands, Savannas & Shrublands",pursuing,3,2.723093539407031
"Temperate Grasslands, Savannas & Shrublands",create,3,2.723093539407031
"Temperate Grasslands, Savannas & Shrublands",advice,4,2.6291937621860986
"Temperate Grasslands, Savannas & Shrublands",partridge,4,2.6291937621860986
"Temperate Grasslands, Savannas & Shrublands",initial,4,2.6291937621860986
"Temperate Grasslands, Savannas & Shrublands",rise,5,2.5758992940336785
"Temperate Grasslands, Savannas & Shrublands",grouse,5,2.5758992940336785
"Temperate Grasslands, Savannas & Shrublands",porcupine,6,2.541553970113229
"Temperate Grasslands, Savannas & Shrublands",luring,3,2.486302796849898
"Temperate Grasslands, Savannas & Shrublands",rime,3,2.486302796849898
"Temperate Grasslands, Savannas & Shrublands",rapidly,3,2.486302796849898
"Temperate Grasslands, Savannas & Shrublands",bowels,4,2.459568358174092
"Temperate Grasslands, Savannas & Shrublands",skunk,5,2.4438018943396433
"Temperate Grasslands, Savannas & Shrublands",yarn,6,2.433402737342453
"Temperate Grasslands, Savannas & Shrublands",presented,7,2.340904972472711
"Temperate Grasslands, Savannas & Shrublands",cloak,6,2.3340801766345978
"Temperate Grasslands, Savannas & Shrublands",flint,4,2.3105036091938445
"Temperate Grasslands, Savannas & Shrublands",hedgehog,4,2.3105036091938445
"Temperate Grasslands, Savannas & Shrublands",said,4,2.3105036091938445
"Temperate Grasslands, Savannas & Shrublands",bath,3,2.287398573101906
"Temperate Grasslands, Savannas & Shrublands",knots,3,2.287398573101906
"Temperate Grasslands, Savannas & Shrublands",basin,3,2.287398573101906
"Temperate Grasslands, Savannas & Shrublands",rams,3,2.287398573101906
"Temperate Grasslands, Savannas & Shrublands",watchman,3,2.287398573101906
"Temperate Grasslands, Savannas & Shrublands",tunnel,3,2.287398573101906
"Temperate Grasslands, Savannas & Shrublands",desires,3,2.287398573101906
"Temperate Grasslands, Savannas & Shrublands",action,3,2.287398573101906
"Temperate Grasslands, Savannas & Shrublands",blanket,8,2.2760184806984136
"Temperate Grasslands, Savannas & Shrublands",shoulder,5,2.2164714855638628
"Temperate Grasslands, Savannas & Shrublands",opossum,4,2.1784748315256244
"Temperate Grasslands, Savannas & Shrublands",cuckoo,6,2.1579231821716096
"Temperate Grasslands, Savannas & Shrublands",coals,8,2.14779208741963
"Temperate Grasslands, Savannas & Shrublands",march,3,2.117961641761024
"Temperate Grasslands, Savannas & Shrublands",borrows,3,2.117961641761024
"Temperate Grasslands, Savannas & Shrublands",pulls,3,2.117961641761024
"Temperate Grasslands, Savannas & Shrublands",predicts,3,2.117961641761024
"Temperate Grasslands, Savannas & Shrublands",ride,5,2.117961641761024
"Temperate Grasslands, Savannas & Shrublands",beforehand,3,2.117961641761024
"Temperate Grasslands, Savannas & Shrublands",crashes,3,2.117961641761024
"Temperate Grasslands, Savannas & Shrublands",wheat,3,2.117961641761024
"Temperate Grasslands, Savannas & Shrublands",easier,3,2.117961641761024
"Temperate Grasslands, Savannas & Shrublands",buffalo,8,2.0889484685862154
"Temperate Grasslands, Savannas & Shrublands",hollow,11,2.0760218072707066
"Temperate Grasslands, Savannas & Shrublands",stream,4,2.0607194352269422
"Temperate Grasslands, Savannas & Shrublands",diving,4,2.0607194352269422
"Temperate Grasslands, Savannas & Shrublands",triggers,4,2.0607194352269422
"Temperate Grasslands, Savannas & Shrublands",spike,4,2.0607194352269422
"Temperate Grasslands, Savannas & Shrublands",attire,4,2.0607194352269422
"Temperate Grasslands, Savannas & Shrublands",neighbor,5,2.0278356144520444
"Temperate Grasslands, Savannas & Shrublands",front,5,2.0278356144520444
"Temperate Grasslands, Savannas & Shrublands",loon,6,2.006489976405181
"Temperate Grasslands, Savannas & Shrublands",drunk,7,1.9915161706111122
"Temperate Grasslands, Savannas & Shrublands",holding,3,1.971895321639574
"Temperate Grasslands, Savannas & Shrublands",successful,3,1.971895321639574
"Temperate Grasslands, Savannas & Shrublands",paddles,3,1.971895321639574
"Temperate Grasslands, Savannas & Shrublands",loud,3,1.971895321639574
"Temperate Grasslands, Savannas & Shrublands",charge,3,1.971895321639574
"Temperate Grasslands, Savannas & Shrublands",stealing,3,1.971895321639574
"Temperate Grasslands, Savannas & Shrublands",thrust,3,1.971895321639574
"Temperate Grasslands, Savannas & Shrublands",smaller,3,1.971895321639574
"Temperate Grasslands, Savannas & Shrublands",butt,3,1.971895321639574
"Temperate Grasslands, Savannas & Shrublands",blames,3,1.971895321639574
"Temperate Grasslands, Savannas & Shrublands",took,4,1.9550415154717145
"Temperate Grasslands, Savannas & Shrublands",party,4,1.9550415154717145
"Temperate Grasslands, Savannas & Shrublands",foxes,4,1.9550415154717145
"Temperate Grasslands, Savannas & Shrublands",riddles,4,1.9550415154717145
"Temperate Grasslands, Savannas & Shrublands",winner,4,1.9550415154717145
"Temperate Grasslands, Savannas & Shrublands",spoils,5,1.945066813862165
Tropical & Subtropical Coniferous Forests,dummy,6,7.73090770421382
Tropical & Subtropical Coniferous Forests,upside,4,6.921003087581896
Tropical & Subtropical Coniferous Forests,missing,3,6.728753001815732
Tropical & Subtropical Coniferous Forests,alligator,4,6.546894812577469
Tropical & Subtropical Coniferous Forests,vine,4,5.90817336744796
Tropical & Subtropical Coniferous Forests,vessels,3,5.860526808033057
Tropical & Subtropical Coniferous Forests,waist,4,5.383002401452586
Tropical & Subtropical Coniferous Forests,pestle,3,4.910171109433102
Tropical & Subtropical Coniferous Forests,superfertility,3,4.910171109433102
Tropical & Subtropical Coniferous Forests,grasshopper,3,4.910171109433102
Tropical & Subtropical Coniferous Forests,crocodile,4,4.570473737082384
Tropical & Subtropical Coniferous Forests,mill,4,4.570473737082384
Tropical & Subtropical Coniferous Forests,jaguar,7,4.558187517359045
Tropical & Subtropical Coniferous Forests,urine,5,4.519311717637433
Tropical & Subtropical Coniferous Forests,climbed,3,4.431130025585969
Tropical & Subtropical Coniferous Forests,kidnapped,3,4.431130025585969
Tropical & Subtropical Coniferous Forests,thunders,3,4.431130025585969
Tropical & Subtropical Coniferous Forests,hopes,3,4.431130025585969
Tropical & Subtropical Coniferous Forests,dimensions,3,4.225030954628482
Tropical & Subtropical Coniferous Forests,permanently,3,4.037251801089439
Tropical & Subtropical Coniferous Forests,fallen,4,3.971067345333875
Tropical & Subtropical Coniferous Forests,past,4,3.8450017153232756
Tropical & Subtropical Coniferous Forests,maltreated,4,3.8450017153232756
Tropical & Subtropical Coniferous Forests,cultivated,11,3.7635398145749015
Tropical & Subtropical Coniferous Forests,touched,4,3.726693970236406
Tropical & Subtropical Coniferous Forests,count,3,3.7076802254903014
Tropical & Subtropical Coniferous Forests,confrontation,3,3.7076802254903014
Tropical & Subtropical Coniferous Forests,jars,3,3.7076802254903014
Tropical & Subtropical Coniferous Forests,traits,4,3.615449374109946
Tropical & Subtropical Coniferous Forests,extract,3,3.5622810009612698
Tropical & Subtropical Coniferous Forests,garden,3,3.427855302811788
Tropical & Subtropical Coniferous Forests,doe,3,3.427855302811788
Tropical & Subtropical Coniferous Forests,downward,3,3.427855302811788
Tropical & Subtropical Coniferous Forests,ordeal,6,3.3335106614499956
Tropical & Subtropical Coniferous Forests,fights,4,3.318289151580361
Tropical & Subtropical Coniferous Forests,beasts,3,3.3032060190731776
Tropical & Subtropical Coniferous Forests,unstable,4,3.2298014408715514
Tropical & Subtropical Coniferous Forests,chthonic,4,3.2298014408715514
Tropical & Subtropical Coniferous Forests,confined,4,3.2298014408715514
Tropical & Subtropical Coniferous Forests,cage,4,3.2298014408715514
Tropical & Subtropical Coniferous Forests,soil,5,3.187304053491663
Tropical & Subtropical Coniferous Forests,snail,3,3.1873040534916623
Tropical & Subtropical Coniferous Forests,embryos,3,3.1873040534916623
Tropical & Subtropical Coniferous Forests,eel,3,3.1873040534916623
Tropical & Subtropical Coniferous Forests,bastard,4,3.145910494355407
Tropical & Subtropical Coniferous Forests,worm,6,3.1055783085303377
Tropical & Subtropical Coniferous Forests,pushed,3,3.0792598482885554
Tropical & Subtropical Coniferous Forests,deluge,3,3.0792598482885554
Tropical & Subtropical Coniferous Forests,call,4,3.06626719070084
Tropical & Subtropical Coniferous Forests,oil,4,3.06626719070084
Tropical & Subtropical Coniferous Forests,dwarfs,6,3.002914562793798
Tropical & Subtropical Coniferous Forests,seasons,4,2.990556889695881
Tropical & Subtropical Coniferous Forests,guilty,4,2.990556889695881
Tropical & Subtropical Coniferous Forests,round,3,2.978300509000406
Tropical & Subtropical Coniferous Forests,huge,5,2.939746457103961
Tropical & Subtropical Coniferous Forests,height,4,2.91849527789598
Tropical & Subtropical Coniferous Forests,shadow,4,2.91849527789598
Tropical & Subtropical Coniferous Forests,however,3,2.8837512864924566
Tropical & Subtropical Coniferous Forests,dam,3,2.8837512864924566
Tropical & Subtropical Coniferous Forests,border,3,2.8837512864924566
Tropical & Subtropical Coniferous Forests,leopard,3,2.8837512864924566
Tropical & Subtropical Coniferous Forests,cardinal,3,2.8837512864924566
Tropical & Subtropical Coniferous Forests,uncle,3,2.8837512864924566
Tropical & Subtropical Coniferous Forests,distance,6,2.861044583449209
Tropical & Subtropical Coniferous Forests,worms,4,2.849824800769016
Tropical & Subtropical Coniferous Forests,details,3,2.795020477677304
Tropical & Subtropical Coniferous Forests,contact,3,2.795020477677304
Tropical & Subtropical Coniferous Forests,mostly,3,2.795020477677304
Tropical & Subtropical Coniferous Forests,entrails,3,2.795020477677304
Tropical & Subtropical Coniferous Forests,thieves,7,2.7706630007476543
Tropical & Subtropical Coniferous Forests,wet,4,2.7217427872513076
Tropical & Subtropical Coniferous Forests,chamber,3,2.7115870305824594
Tropical & Subtropical Coniferous Forests,bewitched,3,2.7115870305824594
Tropical & Subtropical Coniferous Forests,beads,3,2.7115870305824594
Tropical & Subtropical Coniferous Forests,bone,7,2.7000728606012174
Tropical & Subtropical Coniferous Forests,great,5,2.679591903377947
Tropical & Subtropical Coniferous Forests,eclipse,4,2.6619242644545755
Tropical & Subtropical Coniferous Forests,source,6,2.652209212394522
Tropical & Subtropical Coniferous Forests,ashes,7,2.63299030505833
Tropical & Subtropical Coniferous Forests,lame,3,2.63299030505833
Tropical & Subtropical Dry Broadleaf Forests,ants,4,5.3992289156626505
Tropical & Subtropical Dry Broadleaf Forests,pigs,3,5.3281864299302475
Tropical & Subtropical Dry Broadleaf Forests,broom,5,4.820740103270224
Tropical & Subtropical Dry Broadleaf Forests,elephant,8,3.8022738842694723
Tropical & Subtropical Dry Broadleaf Forests,alligator,4,3.648127645718007
Tropical & Subtropical Dry Broadleaf Forests,vessels,3,3.26566265060241
Tropical & Subtropical Dry Broadleaf Forests,bothered,3,3.26566265060241
Tropical & Subtropical Dry Broadleaf Forests,impregnated,5,3.183507615367129
Tropical & Subtropical Dry Broadleaf Forests,drum,4,3.1390865788736337
Tropical & Subtropical Dry Broadleaf Forests,armpits,3,3.0677437020810516
Tropical & Subtropical Dry Broadleaf Forests,waist,4,2.9995716198125835
Tropical & Subtropical Dry Broadleaf Forests,rat,7,2.9162501859289005
Tropical & Subtropical Dry Broadleaf Forests,originate,3,2.8924440619621343
Tropical & Subtropical Dry Broadleaf Forests,rose,3,2.8924440619621343
Tropical & Subtropical Dry Broadleaf Forests,reaction,3,2.8924440619621343
Tropical & Subtropical Dry Broadleaf Forests,stag,3,2.8924440619621343
Tropical & Subtropical Dry Broadleaf Forests,puma,3,2.8924440619621343
Tropical & Subtropical Dry Broadleaf Forests,unharmed,4,2.8719302742886437
Tropical & Subtropical Dry Broadleaf Forests,caiman,5,2.765998419909145
Tropical & Subtropical Dry Broadleaf Forests,baskets,3,2.7360957342885057
Tropical & Subtropical Dry Broadleaf Forests,copulation,3,2.7360957342885057
Tropical & Subtropical Dry Broadleaf Forests,ogres,3,2.7360957342885057
Tropical & Subtropical Dry Broadleaf Forests,garden,4,2.6466808410111033
Tropical & Subtropical Dry Broadleaf Forests,swim,4,2.6466808410111033
Tropical & Subtropical Dry Broadleaf Forests,dummy,4,2.6466808410111033
Tropical & Subtropical Dry Broadleaf Forests,idea,3,2.5957831325301206
Tropical & Subtropical Dry Broadleaf Forests,lame,5,2.5957831325301206
Tropical & Subtropical Dry Broadleaf Forests,thorn,3,2.5957831325301206
Tropical & Subtropical Dry Broadleaf Forests,tiger,17,2.572502566319088
Tropical & Subtropical Dry Broadleaf Forests,lures,4,2.546806092293703
Tropical & Subtropical Dry Broadleaf Forests,monkey,9,2.509972119884497
Tropical & Subtropical Dry Broadleaf Forests,thunders,3,2.4691595650896265
Tropical & Subtropical Dry Broadleaf Forests,movement,3,2.4691595650896265
Tropical & Subtropical Dry Broadleaf Forests,hopes,3,2.4691595650896265
Tropical & Subtropical Dry Broadleaf Forests,snail,4,2.454194961664841
Tropical & Subtropical Dry Broadleaf Forests,tortoise,5,2.4453029509341717
Tropical & Subtropical Dry Broadleaf Forests,antagonists,7,2.3860228793963736
Tropical & Subtropical Dry Broadleaf Forests,successfully,4,2.3680828577467765
Tropical & Subtropical Dry Broadleaf Forests,minister,4,2.3680828577467765
Tropical & Subtropical Dry Broadleaf Forests,conflagration,3,2.3543149341552256
Tropical & Subtropical Dry Broadleaf Forests,planned,3,2.3543149341552256
Tropical & Subtropical Dry Broadleaf Forests,averted,3,2.3543149341552256
Tropical & Subtropical Dry Broadleaf Forests,savior,3,2.3543149341552256
Tropical & Subtropical Dry Broadleaf Forests,hits,3,2.3543149341552256
Tropical & Subtropical Dry Broadleaf Forests,projectile,3,2.3543149341552256
Tropical & Subtropical Dry Broadleaf Forests,layers,6,2.327253842958039
Tropical & Subtropical Dry Broadleaf Forests,cultivated,12,2.3139552495697076
Tropical & Subtropical Dry Broadleaf Forests,burn,5,2.311313748143258
Tropical & Subtropical Dry Broadleaf Forests,dancing,5,2.311313748143258
Tropical & Subtropical Dry Broadleaf Forests,unstable,5,2.311313748143258
Tropical & Subtropical Dry Broadleaf Forests,pet,5,2.249678714859438
Tropical & Subtropical Dry Broadleaf Forests,vegetation,3,2.2496787148594377
Tropical & Subtropical Dry Broadleaf Forests,siblings,12,2.212798735927316
Tropical & Subtropical Dry Broadleaf Forests,beats,7,2.2076286454228127
Tropical & Subtropical Dry Broadleaf Forests,luminary,3,2.153947705716483
Tropical & Subtropical Dry Broadleaf Forests,demonstrating,3,2.153947705716483
Tropical & Subtropical Dry Broadleaf Forests,earthquakes,3,2.153947705716483
Tropical & Subtropical Dry Broadleaf Forests,gone,3,2.153947705716483
Tropical & Subtropical Dry Broadleaf Forests,sight,3,2.153947705716483
Tropical & Subtropical Dry Broadleaf Forests,dropped,4,2.142551157008988
Tropical & Subtropical Dry Broadleaf Forests,bury,5,2.1357709318285805
Tropical & Subtropical Dry Broadleaf Forests,prohibited,9,2.0945284586622352
Tropical & Subtropical Dry Broadleaf Forests,touched,4,2.076626506024096
Tropical & Subtropical Dry Broadleaf Forests,wager,4,2.076626506024096
Tropical & Subtropical Dry Broadleaf Forests,discovers,11,2.0737261896749004
Tropical & Subtropical Dry Broadleaf Forests,feline,3,2.066031472830096
Tropical & Subtropical Dry Broadleaf Forests,equal,3,2.066031472830096
Tropical & Subtropical Dry Broadleaf Forests,extra,3,2.066031472830096
Tropical & Subtropical Dry Broadleaf Forests,moons,3,2.066031472830096
Tropical & Subtropical Dry Broadleaf Forests,hearth,3,2.066031472830096
Tropical & Subtropical Dry Broadleaf Forests,maidens,3,2.066031472830096
Tropical & Subtropical Dry Broadleaf Forests,root,3,2.066031472830096
Tropical & Subtropical Dry Broadleaf Forests,worm,7,2.054054478784704
Tropical & Subtropical Dry Broadleaf Forests,important,6,2.0451624680540346
Tropical & Subtropical Dry Broadleaf Forests,grass,6,2.0451624680540346
Tropical & Subtropical Dry Broadleaf Forests,worms,5,2.0328422122223837
Tropical & Subtropical Dry Broadleaf Forests,buried,8,2.029785306640094
Tropical & Subtropical Dry Broadleaf Forests,hungry,4,2.014637655098004
Tropical & Subtropical Dry Broadleaf Forests,separate,8,1.999714413208389
Tropical & Subtropical Dry Broadleaf Forests,muddled,3,1.9850106307583275
"Tropical & Subtropical Grasslands, Savannas & Shrublands",vulva,3,82.69506726457399
"Tropical & Subtropical Grasslands, Savannas & Shrublands",rhea,5,9.188340807174887
"Tropical & Subtropical Grasslands, Savannas & Shrublands",cornel,4,6.485887628594037
"Tropical & Subtropical Grasslands, Savannas & Shrublands",parakeet,3,5.513004484304933
"Tropical & Subtropical Grasslands, Savannas & Shrublands",hammock,3,5.513004484304933
"Tropical & Subtropical Grasslands, Savannas & Shrublands",traveler,3,5.513004484304933
"Tropical & Subtropical Grasslands, Savannas & Shrublands",funerals,4,5.250480461242793
"Tropical & Subtropical Grasslands, Savannas & Shrublands",bee,4,5.250480461242793
"Tropical & Subtropical Grasslands, Savannas & Shrublands",raw,4,5.250480461242793
"Tropical & Subtropical Grasslands, Savannas & Shrublands",parrot,6,5.01182225845903
"Tropical & Subtropical Grasslands, Savannas & Shrublands",consequence,3,4.864415721445528
"Tropical & Subtropical Grasslands, Savannas & Shrublands",anteater,5,4.752590072676666
"Tropical & Subtropical Grasslands, Savannas & Shrublands",voices,5,4.752590072676666
"Tropical & Subtropical Grasslands, Savannas & Shrublands",rotten,5,4.752590072676666
"Tropical & Subtropical Grasslands, Savannas & Shrublands",hyena,6,4.470003635922919
"Tropical & Subtropical Grasslands, Savannas & Shrublands",walked,3,4.352371961293368
"Tropical & Subtropical Grasslands, Savannas & Shrublands",primogeniture,3,4.352371961293368
"Tropical & Subtropical Grasslands, Savannas & Shrublands",caiman,8,4.009457806767223
"Tropical & Subtropical Grasslands, Savannas & Shrublands",traces,6,3.846282198352279
"Tropical & Subtropical Grasslands, Savannas & Shrublands",poison,6,3.846282198352279
"Tropical & Subtropical Grasslands, Savannas & Shrublands",chameleon,3,3.595437707155391
"Tropical & Subtropical Grasslands, Savannas & Shrublands",american,3,3.595437707155391
"Tropical & Subtropical Grasslands, Savannas & Shrublands",vultures,4,3.5567770866483435
"Tropical & Subtropical Grasslands, Savannas & Shrublands",leaving,3,3.30780269058296
"Tropical & Subtropical Grasslands, Savannas & Shrublands",ancestral,3,3.30780269058296
"Tropical & Subtropical Grasslands, Savannas & Shrublands",boyfriend,3,3.30780269058296
"Tropical & Subtropical Grasslands, Savannas & Shrublands",watchman,3,3.30780269058296
"Tropical & Subtropical Grasslands, Savannas & Shrublands",straps,3,3.30780269058296
"Tropical & Subtropical Grasslands, Savannas & Shrublands",weaving,4,3.1502882767456755
"Tropical & Subtropical Grasslands, Savannas & Shrublands",copulation,4,3.1502882767456755
"Tropical & Subtropical Grasslands, Savannas & Shrublands",ferries,6,3.12056857602166
"Tropical & Subtropical Grasslands, Savannas & Shrublands",disappointed,3,3.062780269058296
"Tropical & Subtropical Grasslands, Savannas & Shrublands",bees,3,3.062780269058296
"Tropical & Subtropical Grasslands, Savannas & Shrublands",community,9,3.062780269058296
"Tropical & Subtropical Grasslands, Savannas & Shrublands",fragrant,3,3.062780269058296
"Tropical & Subtropical Grasslands, Savannas & Shrublands",bench,3,3.062780269058296
"Tropical & Subtropical Grasslands, Savannas & Shrublands",peck,3,3.062780269058296
"Tropical & Subtropical Grasslands, Savannas & Shrublands",chips,4,2.980002423948612
"Tropical & Subtropical Grasslands, Savannas & Shrublands",axes,5,2.9324491937792194
"Tropical & Subtropical Grasslands, Savannas & Shrublands",surprise,3,2.851554043606
"Tropical & Subtropical Grasslands, Savannas & Shrublands",garden,5,2.812757389951496
"Tropical & Subtropical Grasslands, Savannas & Shrublands",rituals,5,2.702453178580849
"Tropical & Subtropical Grasslands, Savannas & Shrublands",fished,4,2.6892704801487475
"Tropical & Subtropical Grasslands, Savannas & Shrublands",conflagration,4,2.6892704801487475
"Tropical & Subtropical Grasslands, Savannas & Shrublands",vine,4,2.6892704801487475
"Tropical & Subtropical Grasslands, Savannas & Shrublands",partridge,3,2.667582814986258
"Tropical & Subtropical Grasslands, Savannas & Shrublands",push,3,2.667582814986258
"Tropical & Subtropical Grasslands, Savannas & Shrublands",draws,3,2.667582814986258
"Tropical & Subtropical Grasslands, Savannas & Shrublands",resin,3,2.667582814986258
"Tropical & Subtropical Grasslands, Savannas & Shrublands",contains,3,2.667582814986258
"Tropical & Subtropical Grasslands, Savannas & Shrublands",measure,3,2.667582814986258
"Tropical & Subtropical Grasslands, Savannas & Shrublands",call,7,2.643221328091406
"Tropical & Subtropical Grasslands, Savannas & Shrublands",field,5,2.600473813351383
"Tropical & Subtropical Grasslands, Savannas & Shrublands",hook,8,2.5943550514376152
"Tropical & Subtropical Grasslands, Savannas & Shrublands",trunk,10,2.5761703197686603
"Tropical & Subtropical Grasslands, Savannas & Shrublands",bonfire,4,2.5641881322348525
"Tropical & Subtropical Grasslands, Savannas & Shrublands",soft,4,2.5641881322348525
"Tropical & Subtropical Grasslands, Savannas & Shrublands",exposes,4,2.5641881322348525
"Tropical & Subtropical Grasslands, Savannas & Shrublands",deed,4,2.5641881322348525
"Tropical & Subtropical Grasslands, Savannas & Shrublands",crossroad,4,2.5641881322348525
"Tropical & Subtropical Grasslands, Savannas & Shrublands",womb,9,2.5575793999352783
"Tropical & Subtropical Grasslands, Savannas & Shrublands",crawls,6,2.5444636081407386
"Tropical & Subtropical Grasslands, Savannas & Shrublands",african,3,2.505911129229515
"Tropical & Subtropical Grasslands, Savannas & Shrublands",devour,3,2.505911129229515
"Tropical & Subtropical Grasslands, Savannas & Shrublands",limbs,3,2.505911129229515
"Tropical & Subtropical Grasslands, Savannas & Shrublands",avenged,4,2.4502242152466365
"Tropical & Subtropical Grasslands, Savannas & Shrublands",calls,4,2.4502242152466365
"Tropical & Subtropical Grasslands, Savannas & Shrublands",unborn,6,2.3969584714369274
"Tropical & Subtropical Grasslands, Savannas & Shrublands",toothed,7,2.382162431489786
"Tropical & Subtropical Grasslands, Savannas & Shrublands",mothers,3,2.362716207559257
"Tropical & Subtropical Grasslands, Savannas & Shrublands",stag,3,2.362716207559257
"Tropical & Subtropical Grasslands, Savannas & Shrublands",wash,3,2.362716207559257
"Tropical & Subtropical Grasslands, Savannas & Shrublands",eater,3,2.362716207559257
"Tropical & Subtropical Grasslands, Savannas & Shrublands",harpoon,3,2.362716207559257
"Tropical & Subtropical Grasslands, Savannas & Shrublands",hollow,9,2.3627162075592567
"Tropical & Subtropical Grasslands, Savannas & Shrublands",line,4,2.3459593550233753
"Tropical & Subtropical Grasslands, Savannas & Shrublands",setting,4,2.3459593550233753
"Tropical & Subtropical Grasslands, Savannas & Shrublands",transformer,5,2.3360188492817513
"Tropical & Subtropical Grasslands, Savannas & Shrublands",clay,5,2.3360188492817513
"Tropical & Subtropical Grasslands, Savannas & Shrublands",plot,5,2.3360188492817513
Tropical & Subtropical Moist Broadleaf Forests,pigs,5,6.054026503567789
Tropical & Subtropical Moist Broadleaf Forests,instruments,3,6.054026503567788
Tropical & Subtropical Moist Broadleaf Forests,partners,3,6.054026503567788
Tropical & Subtropical Moist Broadleaf Forests,palm,3,6.054026503567788
Tropical & Subtropical Moist Broadleaf Forests,tapir,15,5.1402111822745375
Tropical & Subtropical Moist Broadleaf Forests,incomplete,3,4.953294412010009
Tropical & Subtropical Moist Broadleaf Forests,rapids,3,4.191249117854623
Tropical & Subtropical Moist Broadleaf Forests,decorated,3,4.191249117854623
Tropical & Subtropical Moist Broadleaf Forests,wasp,3,4.191249117854623
Tropical & Subtropical Moist Broadleaf Forests,dolls,3,4.191249117854623
Tropical & Subtropical Moist Broadleaf Forests,caiman,11,4.0772015228109595
Tropical & Subtropical Moist Broadleaf Forests,vultures,6,4.036017669045192
Tropical & Subtropical Moist Broadleaf Forests,bees,5,3.9482781545007315
Tropical & Subtropical Moist Broadleaf Forests,measuring,4,3.8235956864638663
Tropical & Subtropical Moist Broadleaf Forests,parakeet,3,3.632415902140673
Tropical & Subtropical Moist Broadleaf Forests,hammock,3,3.632415902140673
Tropical & Subtropical Moist Broadleaf Forests,untrue,3,3.632415902140673
Tropical & Subtropical Moist Broadleaf Forests,funerals,4,3.45944371632445
Tropical & Subtropical Moist Broadleaf Forests,bee,4,3.45944371632445
Tropical & Subtropical Moist Broadleaf Forests,raw,4,3.45944371632445
Tropical & Subtropical Moist Broadleaf Forests,parrot,6,3.302196274673339
Tropical & Subtropical Moist Broadleaf Forests,crocodile,8,3.2288141352361537
Tropical & Subtropical Moist Broadleaf Forests,consequence,3,3.2050728548300054
Tropical & Subtropical Moist Broadleaf Forests,wing,3,3.2050728548300054
Tropical & Subtropical Moist Broadleaf Forests,sound,4,3.158622523600585
Tropical & Subtropical Moist Broadleaf Forests,anteater,5,3.1313930190867874
Tropical & Subtropical Moist Broadleaf Forests,voices,5,3.1313930190867874
Tropical & Subtropical Moist Broadleaf Forests,rotten,5,3.1313930190867874
Tropical & Subtropical Moist Broadleaf Forests,traces,7,3.100842843290818
Tropical & Subtropical Moist Broadleaf Forests,poison,7,3.100842843290818
Tropical & Subtropical Moist Broadleaf Forests,ants,4,2.905932721712538
Tropical & Subtropical Moist Broadleaf Forests,walked,3,2.8676967648478997
Tropical & Subtropical Moist Broadleaf Forests,primogeniture,3,2.8676967648478997
Tropical & Subtropical Moist Broadleaf Forests,dummy,7,2.8252123683316346
Tropical & Subtropical Moist Broadleaf Forests,flows,5,2.751830228894449
Tropical & Subtropical Moist Broadleaf Forests,opossum,5,2.751830228894449
Tropical & Subtropical Moist Broadleaf Forests,copulates,10,2.7107581359258752
Tropical & Subtropical Moist Broadleaf Forests,rituals,7,2.704990565423905
Tropical & Subtropical Moist Broadleaf Forests,earthquakes,6,2.6578652942492726
Tropical & Subtropical Moist Broadleaf Forests,broom,5,2.5945827872433376
Tropical & Subtropical Moist Broadleaf Forests,thorny,3,2.5945827872433376
Tropical & Subtropical Moist Broadleaf Forests,feline,6,2.5342436526562833
Tropical & Subtropical Moist Broadleaf Forests,pubic,4,2.5051144152694294
Tropical & Subtropical Moist Broadleaf Forests,ferries,7,2.49283444264556
Tropical & Subtropical Moist Broadleaf Forests,cultivated,21,2.42932273710045
Tropical & Subtropical Moist Broadleaf Forests,menses,6,2.4216106014271155
Tropical & Subtropical Moist Broadleaf Forests,rat,10,2.4216106014271155
Tropical & Subtropical Moist Broadleaf Forests,chameleon,3,2.368966892700439
Tropical & Subtropical Moist Broadleaf Forests,american,3,2.368966892700439
Tropical & Subtropical Moist Broadleaf Forests,jaguar,11,2.350386760208671
Tropical & Subtropical Moist Broadleaf Forests,limbs,4,2.343494130413337
Tropical & Subtropical Moist Broadleaf Forests,conflagration,5,2.328471732141457
Tropical & Subtropical Moist Broadleaf Forests,garden,6,2.318563341791919
Tropical & Subtropical Moist Broadleaf Forests,fallen,7,2.311537392271337
Tropical & Subtropical Moist Broadleaf Forests,sacred,9,2.302235430934229
Tropical & Subtropical Moist Broadleaf Forests,monkey,14,2.2907127310797035
Tropical & Subtropical Moist Broadleaf Forests,gourd,19,2.2263194238926705
Tropical & Subtropical Moist Broadleaf Forests,emerge,16,2.218269253215678
Tropical & Subtropical Moist Broadleaf Forests,chasing,4,2.2014641831155592
Tropical & Subtropical Moist Broadleaf Forests,shell,4,2.2014641831155592
Tropical & Subtropical Moist Broadleaf Forests,known,3,2.1794495412844035
Tropical & Subtropical Moist Broadleaf Forests,conceives,3,2.1794495412844035
Tropical & Subtropical Moist Broadleaf Forests,struck,3,2.1794495412844035
Tropical & Subtropical Moist Broadleaf Forests,leaving,3,2.1794495412844035
Tropical & Subtropical Moist Broadleaf Forests,highly,3,2.1794495412844035
Tropical & Subtropical Moist Broadleaf Forests,clear,3,2.1794495412844035
Tropical & Subtropical Moist Broadleaf Forests,allowed,3,2.1794495412844035
Tropical & Subtropical Moist Broadleaf Forests,ancestral,3,2.1794495412844035
Tropical & Subtropical Moist Broadleaf Forests,dare,3,2.1794495412844035
Tropical & Subtropical Moist Broadleaf Forests,boyfriend,3,2.1794495412844035
Tropical & Subtropical Moist Broadleaf Forests,metamorphosis,3,2.1794495412844035
Tropical & Subtropical Moist Broadleaf Forests,watchman,3,2.1794495412844035
Tropical & Subtropical Moist Broadleaf Forests,mourner,3,2.1794495412844035
Tropical & Subtropical Moist Broadleaf Forests,straps,3,2.1794495412844035
Tropical & Subtropical Moist Broadleaf Forests,mole,5,2.1118697105469026
Tropical & Subtropical Moist Broadleaf Forests,musical,4,2.07566622979467
Tropical & Subtropical Moist Broadleaf Forests,upside,4,2.07566622979467
Tropical & Subtropical Moist Broadleaf Forests,weaving,4,2.07566622979467
Tropical & Subtropical Moist Broadleaf Forests,baskets,4,2.07566622979467
Tropical & Subtropical Moist Broadleaf Forests,copulation,4,2.07566622979467
Tundra,shot,3,8.2586465272935
Tundra,mucus,3,6.9880855230945
Tundra,wolverine,6,4.910546583796135
Tundra,bears,4,4.84507262934552
Tundra,decorates,4,4.486178360505111
Tundra,whale,9,4.467792383617795
Tundra,crow,3,4.325957704772787
Tundra,sew,3,4.325957704772787
Tundra,mammals,3,4.325957704772787
Tundra,inner,4,4.176786749435792
Tundra,string,5,3.8822697350525
Tundra,loon,7,3.8540350460702997
Tundra,base,4,3.6705095676859996
Tundra,precipitations,3,3.63380447200914
Tundra,tunnel,3,3.63380447200914
Tundra,breast,6,3.5625534039305293
Tundra,strangers,3,3.3646337703788336
Tundra,migratory,4,3.2736977225307564
Tundra,replaced,3,3.132590062076845
Tundra,chaste,3,3.132590062076845
Tundra,amulets,3,3.132590062076845
Tundra,jaw,3,3.132590062076845
Tundra,carrion,5,3.0899697891234186
Tundra,shore,5,3.0899697891234186
Tundra,nights,5,3.0899697891234186
Tundra,openings,5,2.9687945032754413
Tundra,projectile,4,2.9543125788692195
Tundra,aurora,3,2.930487477426726
Tundra,borealis,3,2.930487477426726
Tundra,echo,3,2.930487477426726
Tundra,treated,3,2.930487477426726
Tundra,barrel,3,2.930487477426726
Tundra,friendly,3,2.930487477426726
Tundra,moccasins,3,2.930487477426726
Tundra,ducks,5,2.856764522019764
Tundra,shaman,8,2.850042723144423
Tundra,shoes,8,2.850042723144423
Tundra,competition,4,2.816902691479953
Tundra,middle,3,2.7528821757645
Tundra,smear,3,2.7528821757645
Tundra,pulled,3,2.7528821757645
Tundra,organs,3,2.7528821757645
Tundra,lonely,3,2.7528821757645
Tundra,lakes,3,2.7528821757645
Tundra,climbing,3,2.7528821757645
Tundra,berries,3,2.7528821757645
Tundra,boil,3,2.7528821757645
Tundra,provoked,3,2.7528821757645
Tundra,dwelling,8,2.7219509153626515
Tundra,raven,30,2.711794382096373
Tundra,canoe,11,2.664789946140036
Tundra,deceit,3,2.5955746228636714
Tundra,aside,3,2.5955746228636714
Tundra,loci,3,2.5955746228636714
Tundra,harpoon,3,2.5955746228636714
Tundra,toes,4,2.5771662922050638
Tundra,stands,4,2.5771662922050638
Tundra,tools,4,2.5771662922050638
Tundra,canoes,5,2.5662460960516524
Tundra,prisoner,6,2.5590172338092536
Tundra,ties,8,2.5500382259713263
Tundra,pushes,4,2.4719758312987348
Tundra,footwear,3,2.4552732918980675
Tundra,foot,9,2.4552732918980675
Tundra,prayer,3,2.4552732918980675
Tundra,talons,3,2.4552732918980675
Tundra,storyteller,3,2.4552732918980675
Tundra,hook,7,2.436458937170879
Tundra,feigned,4,2.3750356026203527
Tundra,dung,4,2.3750356026203527
Tundra,owners,6,2.3596132935124285
Tundra,arrows,15,2.353500305705402
Tundra,pours,3,2.3293618410315
Tundra,entrusted,3,2.3293618410315
Tundra,covering,3,2.3293618410315
Tundra,release,5,2.3293618410315
Tundra,diving,3,2.3293618410315
Tundra,steps,3,2.3293618410315
Tundra,landscape,8,2.3071774425454854
Tundra,places,6,2.2998762481070507
