motif_id,keep_in_filtered
a1,False
a10,True
a11a,True
a11b,True
a11c,True
a12,False
a12a,True
a12b,True
a12c,True
a12d,True
a12e,True
a12f,True
a13a,False
a13a1,False
a13b,True
a14,True
a15,True
a16,False
a17,True
a18,True
a19a,True
a19b,True
a20,True
a21,False
a22,True
a22a,True
a22b,True
a22c,True
a22d,True
a23,False
a23a,False
a23b,True
a23c,True
a24,False
a24a,False
a25,True
a26,True
a27,False
a29,False
a29a,False
a29b,True
a2a,False
a2b,False
a2b1,False
a2c,False
a2d,True
a3,False
a30,True
a31,True
a31a,True
a32,True
a32a,True
a32b,False
a32c,True
a32c1,True
a32d,False
a32d1,True
a32dd,True
a32e,True
a32f,False
a32g,True
a32h,True
a32i,True
a32j,True
a32k,True
a33,True
a34,True
a35,True
a35a,True
a35b,True
a35c,True
a36,True
a37,False
a37a,False
a37b,False
a38,False
a38a,True
a38b,False
a38c,True
a38d,True
a39,True
a4,False
a40,True
a41,True
a42,True
a43,True
a43a,True
a44,False
a45,True
a46,True
a47,False
a4a,True
a4b,True
a5,False
a5a,True
a6,True
a7,True
a7a,True
a8,True
a8a,False
a9,True
b1,True
b10,True
b100,True
b101,False
b102,True
b103,True
b104,True
b104a,True
b105,True
b106,True
b107,True
b108,False
b109,False
b109a,True
b110,False
b110a,False
b111,True
b112,True
b113,False
b114,False
b115,True
b115a,True
b116,False
b116a,False
b116b,False
b117,True
b118,True
b11a,True
b13a,False
b14,True
b15,False
b16a,True
b16b,True
b16c,False
b17,True
b18,False
b19,True
b1a,True
b1b,True
b1c,True
b1d,True
b20,True
b21,True
b22,True
b22a,True
b23,True
b24,True
b24a,True
b25,True
b26,False
b27,True
b28,False
b28a,True
b28b,True
b28c,True
b28d,False
b28d1,False
b28e,False
b29,True
b2a,False
b2b,True
b2c,True
b2d,False
b2e,False
b2f,True
b2g,True
b3,False
b30a,True
b30b,True
b31,True
b32,False
b33,False
b33a,True
b33a1,True
b33b,True
b33c,True
b33d,True
b33e,False
b33f,False
b33g,True
b34,True
b35,True
b35a,True
b36,False
b36a,False
b36b,False
b36c,False
b37,False
b38,True
b38a,True
b38b,True
b38c,False
b38d,True
b38e,True
b39,True
b3a,False
b3b,False
b3c,True
b3d,True
b3e,False
b4,True
b40,True
b40a,True
b40b,True
b41,True
b41a,True
b42,False
b42a,True
b42b,False
b42c,True
b42d,True
b42e,True
b42f,False
b42h,False
b42h1,False
b42i,True
b42k,False
b42l,False
b42m,True
b42m1,False
b42m2,True
b42mn,False
b42n,False
b42o,True
b42o1,True
b42p,False
b42q,True
b42r,True
b42s,True
b42t,True
b43,True
b44a,True
b44b,True
b44c,True
b44d,True
b44e,True
b44f,True
b45,False
b45b,True
b46,True
b46a,True
b46a1,True
b46c,True
b46d,True
b47,True
b47a,True
b48,False
b48a,False
b48b,True
b48c,True
b48d,True
b49,True
b49a,True
b49b,True
b50,False
b51,True
b51a,True
b52a,True
b52b,True
b52c,True
b53,True
b54,True
b55,False
b56,True
b57,False
b57a,False
b58,False
b59,True
b5a,False
b5b,False
b5c,True
b6,True
b60,False
b61,True
b62,True
b63,True
b64,False
b64a,False
b64b,True
b64c,True
b64d,False
b65,True
b66,True
b67,True
b68,False
b68a,True
b69,True
b69a,True
b69b,True
b6a,True
b70,False
b71,False
b72,False
b72a,False
b72b,False
b73,True
b73a,True
b73b,True
b74,False
b74a,False
b74b,True
b75a,False
b75b,True
b75c,True
b75d,True
b76,True
b77,False
b77a,False
b77b,True
b77b1,True
b77b2,True
b77c,True
b78,False
b79,False
b79a,True
b79a1,True
b7a,True
b7b,False
b7c,True
b7d,True
b8,True
b80,True
b81,True
b82,False
b83,False
b84,True
b85,True
b85a,True
b85b,True
b86,True
b87,False
b87a,False
b87b,True
b87c,True
b88,True
b89,True
b9,False
b90,True
b91,True
b92,True
b93,True
b93a,True
b94,True
b95,True
b96,True
b97,False
b97a,True
b98,True
b98a,True
b99,False
c1,False
c10,True
c10a,True
c11,True
c12a,True
c12b,False
c13,True
c14,False
c15,True
c16,False
c16a,True
c17,True
c18,False
c19,False
c19a,True
c2,False
c22,True
c23,False
c24,True
c25a,True
c25b,True
c25c,True
c26,True
c27,False
c28,True
c29,True
c2a,False
c2b,False
c3,True
c30a,False
c30b,True
c30c,True
c31,False
c31a,False
c32,True
c33,True
c33a,True
c33b,True
c34a,False
c35,False
c35a,False
c36,True
c37,True
c38,False
c39,False
c39a,False
c4,True
c40,True
c41,True
c5a,False
c5b,False
c6,False
c6a,True
c6b,False
c6c,False
c6c1,False
c6d,False
c6e,True
c6f,True
c6g,True
c6h,True
c6i,False
c7,True
c8,False
c8a,False
c8a1,True
c8b,True
c8c,True
c9a,True
d1,False
d10,False
d11,True
d12,False
d12a,True
d13c,True
d13d,False
d13e,True
d13f,False
d13g,False
d13h,False
d13hh,True
d13i,False
d13i1,False
d1a,True
d1a1,True
d1a2,True
d1a3,True
d1b,False
d2,True
d2a,True
d4a,False
d4aa,True
d4b,True
d4c,True
d4c1,True
d4d,True
d4e,True
d4e1,True
d4f,False
d4g,True
d4h,True
d4i,True
d4j,True
d4k,True
d4l,True
d4m,True
d4n,True
d4o,False
d4p,False
d4q,True
d5,False
d5a,False
d6a,True
d6b,True
d7,False
d8,True
d9,True
e10,True
e11,False
e12,True
e13a,True
e14,True
e14a,True
e15,False
e15a,False
e15b,False
e16,False
e17,True
e18,True
e19,True
e1a,True
e1a1,True
e1b,False
e1b1,True
e1c,False
e1d,True
e2,False
e20,True
e21,True
e22,True
e23,True
e24,True
e25,True
e26,True
e27,True
e28,True
e29,True
e3,True
e30,False
e30a,False
e31,True
e31a,False
e31a1,False
e31a2,True
e31b,True
e31c,False
e32,False
e33,True
e34,True
e35,False
e36,False
e37,True
e38a,True
e38b,True
e38c,True
e39,False
e4,True
e40,True
e5,True
e5a,False
e5aa,True
e5b,True
e5c,True
e5d,True
e5e,True
e6,False
e6a,False
e7,True
e8,True
e8a,False
e9,False
e9a,False
e9aa,True
e9b,True
e9c,False
e9d,False
e9e,False
e9f,True
e9g,True
e9h,False
e9i,False
e9j,False
e9k,False
f1,True
f10,True
f100,True
f11,True
f12,False
f13,False
f14,True
f15,True
f16,True
f17,False
f18a,False
f18b,True
f18c,True
f18d,True
f19,True
f2,False
f20,False
f21,True
f22,True
f23,True
f24,True
f25,True
f26,True
f27,True
f28a,True
f28a1,False
f28b,True
f28c,True
f28d,True
f29,True
f29a,True
f3,False
f30,False
f30a,False
f31,True
f32,True
f33,False
f34,False
f35,False
f36,True
f37,True
f38,False
f39,False
f4,True
f40a,False
f40b,False
f40c,True
f41,True
f42,True
f42a,True
f43,False
f43a,True
f43b,True
f43c,True
f44,True
f45,False
f45a,False
f46,True
f46a,True
f47,True
f47a,True
f47b,True
f48,True
f49,True
f49a,True
f5,False
f50,True
f51,True
f51a,True
f51b,True
f51c,True
f51d,True
f52,True
f53,False
f53a,True
f54,True
f54a,True
f54b,True
f54c,True
f54d,True
f55,True
f56,True
f56a,True
f58,False
f59,True
f5a,True
f5b,False
f6,False
f60,True
f61,True
f62,False
f63,False
f64,False
f64a,True
f64b,False
f65,False
f65a,False
f65b,False
f65c,False
f65d,True
f66,False
f67,True
f68,False
f69,True
f7,True
f70,False
f70a,False
f70b,False
f70c,False
f70d,False
f70e,False
f70e1,False
f70e2,False
f71,False
f72,True
f73a,True
f73b,True
f74,False
f75,True
f76,True
f77a,True
f78,True
f79,False
f8,True
f80,True
f80a,True
f81,False
f82,True
f82a,True
f83,False
f83a,True
f84,True
f85,True
f86,False
f86a,True
f87,True
f88,False
f89,True
f9,True
f90,False
f91,False
f92,True
f93,True
f94,True
f95,True
f96,True
f97,False
f98,False
f99,True
f9a,False
f9a1,True
f9b,False
f9c,False
f9d,False
f9e,True
f9f,False
f9f1,False
f9f2,True
f9g,False
g1,False
g10,True
g11,True
g12,True
g12a,True
g12b,True
g12c,True
g13,True
g13a,True
g13b,True
g14,True
g15,False
g16,True
g17,True
g18,True
g19,True
g20,True
g21,False
g22,True
g23,False
g23a,False
g23b,True
g25,True
g26,True
g27,True
g28,False
g29,False
g3,True
g30,True
g31,True
g4,True
g5,False
g6,False
g6a,True
g7,False
g8,True
g8a,False
g8b,False
g8c,True
g8d,True
g8e,True
g8f,True
g9,True
g9a,True
h10,True
h11,True
h12,False
h12a,True
h12b,True
h13,True
h14,True
h15,False
h16,False
h17,True
h18,False
h18a,True
h18b,False
h19,False
h1a,False
h1b,True
h1bb,True
h1c,True
h1d,True
h2,True
h20,False
h20a,True
h21,True
h21a,False
h22,True
h22a,False
h23,True
h24,False
h24a,True
h24b,False
h24c,False
h24d,True
h24e,False
h24f,True
h25,True
h26,True
h27,False
h27a,False
h28,False
h28a,True
h29,True
h3,True
h30,True
h31,False
h32a,True
h32b,True
h33,True
h33a,True
h34a,False
h34b,False
h34c,True
h34d,True
h34d1,True
h34e,False
h34f,False
h34g,True
h34h,True
h35,True
h36,False
h36a,False
h36b,True
h36c,False
h36d,True
h36e,True
h36f,True
h36ff,True
h36g,True
h36g1,True
h36gg,True
h36h,True
h36hh,True
h36i,True
h36j,True
h37,False
h37a,False
h37b,True
h38,True
h39,True
h4,False
h40,False
h41,False
h42,False
h43,True
h43a,False
h43aa,False
h44,True
h45,False
h46,False
h46a,False
h47,True
h48,False
h49,False
h49b,True
h49c,False
h49d,False
h4a,True
h5,False
h50,True
h51,True
h52,False
h53,True
h54,False
h55,False
h55a,True
h56,True
h6a,False
h6b,False
h6bb,True
h6c,False
h6d,True
h7,False
h7a,True
h7b,True
h7c,True
h7d,True
h7e,False
h7f,True
h8,True
h9,False
h9a,True
h9b,True
i1,False
i100,True
i100a,True
i100b,True
i100c,True
i100d,True
i101,True
i102,True
i103,True
i104,True
i105,True
i106,True
i107,True
i108,True
i109,True
i10a,True
i10b,True
i11,False
i110a,True
i110b,True
i111,True
i112,True
i113,True
i114,False
i115a,False
i116,True
i117,False
i117a,True
i118,True
i119,True
i12,False
i120,True
i121,False
i122,True
i123,True
i124,True
i125,True
i126,True
i127,True
i128,True
i129,True
i130,True
i131,True
i132,True
i132a,True
i132b,True
i133,True
i133a,True
i134,False
i13a,False
i13b,True
i13c,True
i13d,False
i14,False
i14a,True
i15,False
i15a,True
i16,True
i17,True
i18,True
i19,True
i2,False
i20,True
i20a,True
i20b,True
i21,True
i22,False
i22a,True
i22b,False
i23,True
i24,True
i25,False
i25a,False
i26,True
i27,False
i27a,True
i27b,True
i27c,False
i28,False
i28a,True
i29,True
i3,False
i30,True
i31,True
i32,True
i32a,True
i33,True
i34,False
i35,True
i35a,True
i35a1,False
i35a2,True
i35b,False
i36,True
i37d,True
i37e,True
i37f,True
i37g,True
i38,False
i38a,False
i39,False
i4,False
i40,True
i41,False
i41a,True
i41b,True
i41b1,True
i42,True
i43a,False
i43b,False
i44,True
i45a,True
i45b,True
i45c,True
i46,False
i46a,True
i46b,True
i46c,True
i46d,True
i46e,True
i47,True
i47a,False
i48,True
i49,True
i4a,False
i4b,True
i4c,True
i4d,True
i5,False
i50,False
i50a,False
i50b,False
i51a,False
i51b,False
i52,False
i53,True
i54,True
i55,False
i55a,True
i55b,False
i56,True
i57,True
i58,True
i59,True
i59a,True
i59b1,True
i59b2,True
i59b3,True
i59b4,False
i5a,True
i5b,True
i6,False
i60,True
i60a,True
i61,True
i61a,True
i62,True
i63,True
i64a,True
i65,True
i66,True
i67,True
i68,True
i69,True
i6a,True
i7,False
i70,True
i71,True
i72,False
i73,True
i74,True
i74a,True
i75,True
i76a,False
i76b,True
i77,True
i78,True
i7a,True
i80,True
i80a,True
i81,False
i81a,True
i81a1,True
i81b,True
i82a,False
i82b,False
i82c,True
i82d,False
i82e,True
i82f,True
i82g,True
i82h,True
i82i,True
i83,False
i84,False
i84a,False
i85,True
i85a,True
i85a1,True
i85b,False
i85c,True
i86,True
i86a,False
i87,False
i87a,False
i87a1,True
i87a2,False
i87aa,False
i87ab,True
i87ac,False
i87b,False
i87c,True
i87d,True
i88,False
i89,False
i8c,True
i8e,True
i8f,True
i8g,False
i8h,True
i8i,False
i9,False
i91,True
i92,True
i93,True
i94,True
i95,True
i95a,True
i95b,True
i95c,True
i96,True
i97,True
i98a,True
i98b,True
i99,True
j10,True
j11,True
j12,False
j12a,True
j12b,True
j12c,True
j12d,True
j12j,True
j12k,True
j12l,True
j12m,True
j13,True
j14,True
j15,False
j15a,True
j15b,True
j16,True
j17,False
j18,True
j18a,True
j19,True
j19a,True
j19b,True
j2,True
j20,False
j22a,True
j22b,True
j22c,True
j22d,True
j22e,False
j23,False
j23a,True
j24,True
j25,False
j25a,False
j25b,True
j26,False
j26a,True
j27,False
j27a,True
j27b,False
j28a,True
j28b,False
j29,True
j3,True
j30,False
j31,False
j32,False
j32a,True
j32b,False
j33,True
j33a,True
j34,True
j35,True
j36,True
j37,False
j38,True
j39,True
j4,False
j40,False
j40a,True
j41,False
j41a,True
j41b,True
j41c,True
j42,False
j43,True
j44,True
j45,False
j46,False
j47,False
j47a,True
j48,True
j49,True
j5,True
j50,True
j50a,True
j50b,False
j51,True
j51a,True
j51a1,True
j51b,True
j52,True
j52a,True
j52b,False
j53,True
j54,False
j54a,True
j54b,False
j55,False
j56,True
j56a,True
j57,True
j58,False
j58b,True
j59,False
j59a,False
j59b,True
j6,True
j60,True
j61,True
j62,False
j62a,True
j62b,True
j63,True
j64,True
j65,True
j66,False
j67,True
j68,True
j6a,True
j7,True
j8,True
j9,True
k100,False
k100a,False
k100b,False
k100c,False
k100d,True
k100e,True
k100f,False
k100f1,False
k100g,False
k101,True
k101a,True
k101b,False
k101c,True
k102,False
k102a,False
k102a1,False
k102a2,False
k102b,True
k103,False
k103a,False
k104,True
k105,True
k106,False
k107,False
k107a,False
k107b,False
k107c,False
k108,False
k108a,True
k109,True
k10a,False
k10b,True
k10c,True
k10d,True
k10e,True
k10f,True
k10g,False
k10h,True
k10i,True
k110,False
k111,True
k112,True
k113,False
k113a,False
k114,False
k115,False
k116,False
k116a,False
k116b,False
k117,True
k117a,False
k117b,True
k117c,True
k118,False
k119,False
k119a,False
k119b,True
k11a,False
k11b,False
k12,False
k120,False
k120a,False
k120a1,True
k120a2,False
k120a3,True
k120a4,False
k121,False
k122,False
k123,False
k123a,False
k123b,True
k124,True
k125,False
k126,True
k127,True
k127a,True
k128,True
k128a,True
k129,False
k129a,False
k12a,False
k130,False
k130a,False
k131,False
k131a,True
k131b,True
k132,False
k132a,True
k133,True
k134,False
k135,False
k136,True
k136a,False
k136b,False
k136c,False
k137,False
k138,True
k139,False
k13a,False
k13b,True
k13c,True
k13d,True
k14,False
k140,True
k141,True
k142,True
k143,True
k144,False
k145,True
k146,False
k147,True
k147a,True
k148,False
k149,True
k14a,False
k14b,True
k14c,False
k14d,True
k14e,True
k15,True
k150,False
k151,True
k152,False
k153,True
k154,False
k154a,False
k155,False
k156,False
k157,False
k157a,False
k158,False
k159,False
k15a,True
k15b,False
k15c,False
k16,True
k160,True
k161,False
k162,True
k163,False
k164,True
k165,False
k16a,True
k17,False
k18,False
k18a,True
k18b,True
k18c,True
k18d,False
k19a,True
k19b,False
k19c,True
k19d,True
k19e,True
k19f,True
k19g,True
k1c,False
k1d,True
k1e,False
k1f,False
k1g,True
k1h,True
k1i,True
k1j,True
k2,False
k20,True
k21,False
k22,True
k22a,True
k22aa,True
k22b,True
k22c,True
k23,False
k23a,True
k24,False
k24a,False
k24b,False
k25,False
k25a1,False
k25a2,True
k25a3,True
k25a4,True
k25a5,True
k25b,True
k25c,True
k25d,False
k26,False
k26a,True
k27a,False
k27b,True
k27c,False
k27d,False
k27e,False
k27f,False
k27f1,False
k27g,False
k27g1,True
k27h,True
k27hh,False
k27i,True
k27k,True
k27l,True
k27l1,False
k27ll,False
k27m,True
k27n,False
k27n1,False
k27n3a,True
k27n3b,False
k27n3c,True
k27nn,False
k27o,True
k27p,False
k27p1,False
k27q,False
k27q1,False
k27r,True
k27r1,True
k27s,False
k27ss,False
k27t,True
k27u,False
k27u1,True
k27u2,False
k27v,True
k27v1,False
k27v2,True
k27v3,False
k27w,True
k27x,True
k27x1,True
k27x2,True
k27x3,False
k27x4,False
k27y,True
k27y1,True
k27yy,True
k27z,False
k27z1,False
k27z2,True
k27z2a,True
k27z2a1,True
k27z2b,True
k27z2c,True
k27z2d,True
k27z2e,True
k27z3,False
k27z4,False
k27z4a,True
k27z4b,True
k27z5,True
k27z6,True
k27z7,False
k27z8,True
k27z9,False
k27zz,False
k27zz1,False
k27zz2,False
k27zz3,False
k28,False
k29a,False
k29b,True
k29c,True
k29d,False
k2a,False
k3,True
k30,False
k30a,False
k31,True
k32,False
k32a,False
k32b,False
k32b1,False
k32c,True
k32d,False
k32e,False
k32f,True
k32g,False
k32g1,False
k32h,True
k32h1,True
k32i,True
k32j,False
k33,False
k33a,False
k33a1,False
k33b,False
k33c,False
k33d,False
k33d1,False
k33e,True
k33f,False
k33g,False
k33h,False
k34,False
k35,False
k35a,False
k35a1,False
k35a2,True
k35a3,False
k35a4,True
k35a5,True
k35b,False
k35c,False
k35c1,False
k36,False
k37,False
k37a,False
k37c,True
k37d,True
k38,False
k38a,True
k38b,False
k38b1,True
k38b2,True
k38b3,False
k38c,False
k38d,False
k38e,False
k38e1,True
k38e2,True
k38f,False
k38f1,True
k38f2,True
k38f3,True
k39,False
k4,True
k40,False
k41,False
k42,True
k43a,True
k43b,True
k43c,True
k44,False
k44a,True
k44b,False
k45,True
k46,True
k47a,False
k47b,False
k47c,False
k47d,True
k48,False
k48a,True
k49,False
k5,True
k50,False
k51,False
k51a,True
k52,False
k52a,True
k52b,True
k52c,False
k52c1,True
k53,True
k54,False
k54a,True
k55,True
k56,False
k56a,False
k56a1,True
k56a2,True
k56a2a,True
k56a2b,True
k56a3,False
k56a4,True
k56a4a,True
k56a4b,True
k56a5,True
k56a5a,True
k56a5b,False
k56a6,True
k56a7,False
k56a8,False
k56a8a,False
k56a9,False
k56aa,False
k56ab,True
k56b,False
k56c,True
k56d,True
k56d1,True
k56e,True
k56f,True
k56f1,True
k56f2,True
k57,False
k57a,True
k58,False
k58a,True
k59,False
k6,True
k60a,False
k60b,False
k60c,False
k61a,True
k61b,True
k61c,True
k61c1,True
k61d,True
k61e,True
k61f,True
k62a,False
k63,True
k64,True
k64a,True
k64b,True
k65,False
k65a,True
k65b,True
k65c,True
k65c1,True
k65d,True
k65e,True
k65f,True
k66,False
k66a,False
k66b,False
k67,False
k67a,False
k67b,True
k67c,False
k67d,True
k68,True
k69,True
k7,True
k70,False
k71,False
k72,False
k72a,True
k73,False
k73a,False
k73a1,True
k73b,False
k73c,False
k74,False
k74a,False
k75,False
k75a,False
k76,False
k76a,True
k76b,False
k76c,True
k76d,True
k76e,True
k76f,True
k77a,True
k77b,False
k77b1,False
k77bb,True
k77c,True
k78,False
k79,False
k80,False
k80a,False
k80a1,False
k80a2,False
k80a3,True
k80a4,True
k80b,True
k80c,False
k80c1,True
k80c2,True
k80d,False
k81,False
k82,False
k82a,False
k83,False
k84,False
k85,True
k85a,True
k85b,True
k85c,True
k86,True
k87a,True
k87b,True
k88,False
k88a,False
k88b,False
k89,False
k89a,True
k89b,False
k89c,True
k89d,False
k8a,False
k8aa,False
k8b,True
k8c,False
k8c1,False
k8c2,True
k8c3,True
k8d,False
k8e,False
k8f,True
k9,True
k90,False
k90a,True
k90b,True
k91,True
k92,False
k92a,False
k92b,False
k93,True
k93a,True
k93b1,True
k93b2,False
k93b3,False
k93b4,False
k94,False
k95,False
k96,False
k97,True
k98,False
k99,True
k99a,False
k99a1,True
k99a2,True
k99b,False
k9a,True
l10,True
l100,False
l100a,False
l100b,True
l100c,True
l100d,False
l100d1,True
l100e,True
l100f,True
l100f1,True
l100g,True
l101,False
l102,True
l103,False
l103a,True
l103b,True
l104,False
l105,True
l106,True
l106a,False
l106b,True
l107,False
l108,False
l108a,True
l108b,False
l108c,False
l108e,True
l108f,True
l108g,True
l109,True
l10a,False
l11,True
l110,False
l110a,True
l110b,True
l110c,True
l111,True
l112,True
l113,False
l114,False
l114a,False
l114b,True
l114b1,True
l114c,False
l115,True
l116,True
l116a,False
l117,True
l118,True
l119,True
l12,True
l120,False
l120a,False
l121,False
l121a,False
l122,True
l122a,False
l123,True
l124,True
l125,False
l126,True
l127,False
l128,False
l13,True
l130,True
l14,False
l15a,False
l15a1,True
l15b,False
l15b1,True
l15c,False
l15d,False
l15e,False
l15e1,True
l15f,False
l15g,True
l15h,False
l15i,False
l17,False
l17a,False
l17b,True
l18,False
l19b,False
l1b,True
l1c,True
l1c1,True
l1c2,True
l1d,True
l1e,False
l1f,True
l20,True
l20a,True
l21,True
l22,True
l22a,True
l23,False
l23a,False
l23b,True
l24,True
l25,False
l26,True
l27,False
l27a,True
l28,True
l28a,True
l29,True
l3,True
l30,True
l31,True
l31a,True
l31b,True
l32,False
l33,True
l33a,False
l33b,True
l33c,True
l33d,True
l33e,True
l33f,True
l33g,True
l34,False
l35,True
l36,True
l37a,False
l37a1,True
l37a2,True
l37b,False
l37b1,True
l37c,True
l38,False
l38a,False
l39,False
l39a,True
l39b,True
l39c,True
l3a,True
l4,False
l40,False
l40a,True
l40b,False
l41,False
l41a,True
l41b,True
l42,False
l42a,True
l42b,False
l42c,True
l42d,False
l42e,True
l42f,True
l42g,False
l42g1,False
l42g2,False
l42h,True
l42i,True
l42i1,True
l42j,False
l43,True
l44,True
l44a,False
l44b,True
l45,True
l46,True
l47,True
l48,True
l49,True
l50,True
l51,True
l52,False
l53,True
l54,True
l55,False
l56,True
l57,False
l57a,False
l57b,True
l58,True
l59,True
l59a,True
l5c,False
l5d,True
l5e,False
l5f,False
l5g,True
l5h,True
l6,False
l60,True
l61,False
l62,True
l63,True
l64,True
l65,False
l65a,False
l65b,False
l65c,False
l65d,False
l66,True
l67,True
l68,True
l69,True
l6a,True
l7,True
l70,True
l71,True
l72,False
l72a,False
l72b,False
l72c,False
l72d,True
l72e,True
l72f,True
l72g,False
l73,False
l73a,True
l74,True
l74a,True
l75,True
l76,True
l77,True
l78,True
l79,True
l7a,True
l7b,True
l80,True
l81,False
l81a,False
l81a1,True
l81a2,False
l81a3,True
l81b,False
l82,True
l83,True
l84,True
l85,False
l85a,False
l85b,True
l85b1,True
l85c,True
l85d,True
l86,False
l87,True
l88,True
l89,True
l90,False
l90a,True
l91,True
l92,False
l93,True
l93a,False
l93b,False
l94,False
l94a,False
l95,True
l95a,True
l96,False
l96a,False
l96b,False
l97,True
l98,False
l99,False
l9a,True
l9b,True
l9c,True
l9d,False
l9e,False
m10,False
m100,True
m100a,True
m101,False
m101a,True
m101b,True
m102,True
m103,True
m104,False
m105,True
m105a,True
m106,False
m106a,True
m106b,False
m106c,True
m106d,True
m106e,True
m106f,True
m106g,True
m107,True
m108,False
m108a,False
m109,False
m109a,False
m109a1,True
m109b,True
m109c,True
m109d,True
m110,True
m111,False
m112,False
m112a,True
m112b,True
m113,False
m113a,True
m114,False
m114a,False
m114b,False
m114b1,False
m114c,False
m114d,True
m114d1,True
m114e,False
m114f,True
m114g,False
m114h,True
m114i,False
m114j,True
m114k,True
m115,True
m116,False
m116a,False
m116b,True
m117,True
m118,False
m118a,False
m118b,False
m119,True
m11a,True
m11b,True
m11c,True
m12,True
m120,True
m120a,True
m120b,True
m120c,True
m121,True
m122,True
m123,False
m123a,True
m123b,False
m123c,False
m123d,True
m124,True
m125,True
m126,True
m127,True
m127a,True
m127b,True
m127c,True
m128,True
m129,True
m13,False
m130,True
m130a,True
m130b,True
m130c,True
m131,True
m132,True
m132a,True
m133,True
m134,False
m134a,True
m134b,True
m134c,True
m135,False
m135a,False
m136,False
m136a,True
m136b,True
m136c,True
m136d,True
m137,True
m138,True
m139,True
m13a,False
m140,False
m140a,True
m140b,True
m141,True
m141a,True
m141b,True
m142,True
m143,True
m144,True
m144a,True
m145,True
m146,True
m147,True
m147a,False
m147b,True
m148,False
m149,True
m149a,True
m149b,True
m14a,True
m15,True
m150,True
m151,True
m152,False
m152a,False
m152b,True
m152c,True
m152d,True
m153,False
m153a,True
m153b,False
m154,True
m154a,True
m154b,True
m155,True
m156,False
m157,False
m157a1,False
m157a2,False
m157a3,False
m157a4,False
m157a5,True
m157b,False
m157c,True
m158,True
m159,True
m16,True
m160,False
m161,False
m162,False
m162a,True
m162b,True
m163,True
m164,True
m164a,True
m165,True
m166,True
m167,False
m167a,True
m168,True
m168a,True
m168b,True
m169,True
m16a,True
m17,True
m170,True
m170a,True
m171,True
m171a,True
m171b,False
m171c,True
m171d,True
m172,True
m173,True
m173a,True
m174,False
m175,True
m176,True
m177,True
m178,False
m179,False
m179a,False
m179b,True
m18,True
m180,True
m180a,True
m181,True
m181a,False
m181b,True
m182,True
m182a,True
m182a1,True
m182b,True
m183,True
m184,True
m185,True
m185a,True
m186,True
m187,True
m188,True
m188a,True
m189,True
m18a,True
m18b,True
m19,False
m190,True
m191,True
m191a,True
m192,False
m192a,True
m193,True
m194,True
m195,False
m195a,False
m195b,True
m196,True
m196a,True
m197,False
m197a,True
m197b,True
m197c,True
m197d,True
m197e,True
m197f,True
m198,False
m198a,False
m198a1,False
m198a2,True
m198a3,True
m198a4,True
m198b,True
m198b1,True
m198b2,True
m198b3,True
m199,False
m199a,False
m199b,True
m199c,True
m199c1,False
m199d,True
m199d1,True
m199e,True
m199f,True
m199g1,True
m199g2,True
m199h,True
m199i,False
m199j,True
m1a,True
m1b,True
m2,True
m20,True
m21,False
m21a,True
m22,False
m22a,True
m23,False
m23a,True
m24,False
m24a,True
m25,True
m26,True
m26a,True
m27,True
m28,True
m29a,False
m29b,False
m29b1,True
m29b2,False
m29c,False
m29d,True
m29f,True
m29g,False
m29g1,True
m29gg,True
m29h,True
m29i,True
m29j,False
m29k,False
m29l,True
m29m,True
m29n,True
m29nn,True
m29o,True
m29p,True
m29q,True
m29qq,True
m29r,True
m29u,True
m29v,True
m29w,True
m29w1,True
m29w2,True
m29w3,True
m29x,True
m29x1,True
m29y,True
m3,True
m30,False
m30a,True
m30b,True
m30c,False
m30d,False
m31,False
m32,True
m32a,False
m33,True
m34,True
m35,True
m36,False
m37,True
m38,False
m38a,False
m38a1,True
m38b,True
m38b1,True
m38b2,False
m38c,True
m38d,True
m38d1,True
m38d2,True
m38d3,True
m38d4,True
m38d5,True
m38d6,True
m38e,True
m39a,False
m39a1,True
m39a2,True
m39a3,True
m39a3a,True
m39a4,True
m39a4a,False
m39a4b,False
m39a5,True
m39a5a,False
m39a5a1,True
m39a5b,True
m39a6,False
m39a6a,False
m39a6b,True
m39a6c,True
m39a6d,False
m39a6f,False
m39a6g,True
m39a6h,False
m39a6i,True
m39b,False
m39b1,False
m39c,True
m39d,True
m39e,True
m39e1,True
m39e1a,True
m39e2,True
m39f,True
m39g,True
m39h,True
m39i,False
m3a,True
m4,False
m40,False
m41,True
m42,False
m42a,False
m42b,True
m42c,True
m43,False
m44a,True
m44b,True
m44c,True
m45,True
m45a,False
m46a,False
m46b,True
m46c,True
m46d,True
m47,True
m48,True
m49,False
m49a,False
m5,False
m50,True
m51,True
m52,True
m53,False
m53a,True
m53b,False
m53c,False
m53d,True
m53e,True
m53f,True
m54,False
m55,True
m56a,True
m56b,True
m56c,True
m56d,True
m57a,False
m57b,True
m57c,False
m57d,False
m57d1,True
m57d2,True
m57d3,True
m57d4,False
m58,True
m59,True
m59a,True
m5a,False
m6,True
m60,False
m60a,False
m60a1,False
m60a2,False
m60b,False
m61a,True
m61a1,True
m61a2,True
m61a3,True
m62b,False
m62c,True
m62d,False
m62e,True
m62f,True
m63,True
m64,True
m65,False
m65a,False
m65b,False
m66,False
m67,True
m68,False
m69,False
m7,True
m70,True
m70a,True
m71,True
m72,True
m73,True
m74,True
m74a,False
m74aa,False
m74ab,False
m74b,True
m75a,False
m75b,False
m75b1,False
m75b1a,False
m75b2,False
m75b3,True
m75c,False
m75d,True
m76,True
m77,False
m78,False
m78a,False
m79,False
m7a,False
m7b,False
m8,True
m80,False
m81,False
m81a,True
m81b,True
m81c,True
m81d,True
m81e,True
m81e1,True
m81e2,True
m81f,True
m82,False
m82a,True
m83,True
m83a,True
m83b,True
m83c,True
m84,True
m84a,False
m84b,True
m84c,False
m84d,True
m85,False
m86,False
m87,True
m88,True
m89,True
m89a,True
m8a,False
m8b,True
m8c,True
m8d,True
m9,True
m90,False
m90a,False
m90a1,False
m90a2,True
m90a3,True
m90b,True
m90c,True
m91,False
m91a,False
m91b,False
m91b1,False
m91c1,False
m91c2,False
m91c3,True
m91c4,True
m91c5,True
m91d,False
m92,True
m93,False
m93a,False
m94,False
m94a,False
m94b,True
m95,True
m96,True
m97,False
m98,False
m99,True
m99a,True
m99a1,True
m9a,True
n1,False
n10,False
n10a,True
n10b,False
n10c,False
n11,False
n12,True
n13,False
n14,False
n15,True
n16,False
n17,True
n18,True
n19,True
n2,False
n20,False
n21,True
n22,True
n23,True
n24,False
n25,True
n26,False
n27,True
n28,True
n29,False
n3,True
n30,False
n4,False
n5,False
n6,True
n7,True
n8,False
n9,False
